Bata wa Janet hutaga mayai 16 kila siku. Huwa anakula matatu wakati wa staftahi kila asubuhi na huokea marafiki zake mafini kila siku kwa mayai manne. Huwa anauza yaliyosalia katika soko la wakulima kila siku kwa $2 kwa kila yai la bata. Huwa anatengeneza pesa ngapi katika dola kila siku katika soko la wakulima?	18
Joho hutumia komeo 2 za ufumwele wa buluu na nusu ya kiasi hicho cha ufumwele mweupe. Huwa inatumia jumla ya komeo ngapi?	3
Josha anaamua kujaribu kununua nyumba na kuuza kwa faida. Ananunua nyumba kwa $80,000 na kutumia $50,000 kuikarabati. Hii iliongeza thamani ya nyumba hiyo kwa 150%. Alipata faida ya kiasi gani?	70000
James anaamua kukimbia mbio 3 fupi mara 3 kwa wiki. Anakimbia mita 60 kwa kila mbio fupi. Huwa anakimbia jumla ya mita ngapi kwa wiki?	540
Kila siku, Wendi hulisha kila mmoja kati ya kuku wake vikombe vitatu vya chakula mseto cha kuku, kilicho na mbegu, wadudu na mboga ili kusaidia kudumisha afya yao nzuri. Yeye hupatia kuku hao chakula chao katika milo mitatu tofauti. Asubuhi, huwapa kuku wake vikombe 15 vya chakula. Mchana, huwapa kuku wake vikombe vingine 25 vya chakula. Anahitaji kuwapa kuku wake vikombe vingapi vya chakula katika mlo wa mwisho wa siku iwapo idadi ya kuku wa Wendi ni kuku 20?	20
Kylar alienda kwa duka kununua vioo vya jengo lake jipya. Kioo kimoja kinagharimu $5, lakini kila kioo cha pili kinagharimu 60% pekee ya bei. Kylar anataka kununua vioo 16. Anahitaji kulipa pesa ngapi kwa vioo hivyo?	64
Toulouse lina kondoo mara mbili ya idadi ya kondoo katika Charleston. Charleston lina kondoo mara 4 ya idadi ya kondoo katika Seattle. Majiji ya Toulouse, Charleston, na Seattle yana jumla ya kondoo wangapi kwa pamoja iwapo Seattle lina kondoo 20?	260
Carla anapakua faili ya GB 200. Kwa kawaida anaweza kupakua GB 2 kila dakika, lakini akiwa 40% ya upakuaji, Windows hulazimisha kuanza upya ili kupakia visasisho, na huchukua dakika 20. Kisha Carla ni lazima aanze tena kupakua kuanzia mwanzoni. Itamchukua muda gani kupakuafaili hiyo?	160
John huendesha kwa saa 3 kwa kasi ya maili 60 kwa kila saa na kisha kugeuka kwa sababu anagundua kuwa amesahau kitu muhimu sana nyumbani. Anajaribu kurudi nyumbani kwa saa 4 lakini anatumia saa 2 za kwanza katika trafiki isiyosonga. Anatumia nusu saa inayofuata akiendesha kwa kasi ya maili 30 kwa kila saa, kabla ya kuweza kuendesha muda unaosalia kwa saa 4 katika kasi ya maili 80 kwa saa. Yuko umbali upi kutoka nyumbani mwishoni mwa saa hizo 4?	45
Kiwango cha Eliza kila saa kwa saa 40 za kwanza anazofanya kazi kila wiki ni $10. Pia anapokea malipo ya muda wa ziada ya mara 1.2 ya malipo yake ya kawaida ya saa. Iwapo Eliza alifanya kazi kwa saa 45 wiki hii, mapato yake ya wiki hii ni ngapi?	460
Programu mpya ilipakuliwa mara 60 mwezi wa kwanza. Idadi ya upakuaji katika mwezi wa pili ulikuwa mara tatu ya idadi ya upakuaji katika mwezi wa kwanza, lakini ikapungua kwa 30% katika mwezi wa tatu. Programu hiyo ilipakuliwa mara ngapi kwa jumla katika miezi hiyo mitatu?	366
Toula alienda kwenye tanuri mikate na akanunua aina mbalimbali za vitobosho. Alinunua dazeni 3 za donati zinazogharimu $68 kwa kila dazeni, dazeni 2 za keki ndogo zinazogharimu $80 kwa kila dazeni, na dazeni 6 za keki ndogo za jibini kwa $55 kwa kila dazeni. Jumla ya gharama ilikuwa ngapi?	694
Carlos anapanda mlimau. Mti huo utagharimu $90 kuupanda. Kila mwaka utazaa limau 7, anazoweza kuuza kwa $1.5 kila moja. Gharama ya kunyunyiza maji na kulisha mti huo kila mwaka ni $3. Itachukua miaka mingapi kabla ya yeye kuanza kupata mapato kutoka kwa mlimau huo?	13
Melanie ni mfanyabiashara wa nyumba kwa nyumba. Aliuza theluthi moja ya visafishaji vyake vya kuvuta uchafu katika nyumba ya kijani, 2 zaidi kwa nyumba nyekundu, na nusu ya vilivyosalia katika nyumba ya rangi ya chungwa. Iwapo Melanie amesalia na visafishaji 5 vya kuvuta uchafu, alianza na vingapi?	18
Katika darasa la densi lenye wanafunzi 20, 20% walijisajili katika densi ya kisasa, 25% ya waliosalia walijisajili katika densi ya jazi, na wengine waliosalia wakajisajili katika densi ya muziki wa kufoka. Ni asilimia ngapi ya wanafunzi wote walijisajili katika densi ya muziki wa kufoka?	60
Mfanyabiashara anataka kufanya chaguo la ununuzi kati ya mipango 2 ya ununuzi: mapambo ya kito yenye thamani ya $5,000 au vifaa vya eletroniki vyenye thamani ya $8,000. Mshauri wake wa kifedha anakadiria kuwa soko la mapambo ya kito litapanda hadi 2.5% huku soko la vifaa vya elektroniki litapanda hadi 1.2% ndani ya mwezi huo mmoja. Iwapo mfanyabiashara huyo anataka kuwa na faida za juu zaidi mwishoni mwa mwezi huu kwa kufanya chaguo, hii itakuwa faida ya kiasi gani?	125
Treni mbili zimetoka San Rafael kwa wakati mmoja. Zimeanza kusafiri kwenda upande wa Magharibi, zote mbili zinaenda umbali wa maili 80. Siku inayofuata, zinasafiri kwenda upande wa Kaskazini, umbali wa maili 150. Umbali ambao treni hizo mbili zilienda kwa siku hizo mbili ni gani?	230
Jill analipwa $20 kila saa kufunza na $30 kuwa kocha wa mashabiki. Iwapo huwa anafanya kazi wiki 50 kwa mwaka, saa 35 kwa wiki kama mwalimu na saa 15 kama kocha, mshahara wake wa kila mwaka ni ngapi?	57500
Claire huandaa kimanda chenye mayai 3 kila asubuhi wakati wa staftahi. Atakula dazeni ngapi za mayai baada katika wiki 4?	7
Marissa anatembea masafa marefu ya maili 12. Alitumia saa 1 kutembea maili 4 za kwanza, kisha saa nyingine moja kutembea maili mbili zinazofuata. Iwapo anataka kasi yake ya wastani iwe maili 4 kwa saa, anahitaji kutembea kwa kasi (katika maili kwa saa) gani kwa umbali unaosalia?	6
Nina lita 10 za kinywaji cha chungwa ambacho theluthi mbili zake ni maji na ningependelea kukiongeza kwenye lita 15 za kinyaji cha nanasi ambacho humusi tatu zake ni maji. Lakini ninapokimimina, nimemwaga lita moja ya kinywaji cha chungwa. Kiasi kipi cha maji kipo kwenye lita 24 zinazosalia?	15
Raymond na Samantha ni binamu. Raymond alizaliwa miaka 6 kabla ya Samantha. Raymond alipata mwana akiwa na umri wa miaka 23. Iwapo Samantha sasa ana umri wa miaka 31, mwana wa Raymond alizaliwa miaka mingapi iliyopita?	14
Billy huuza santuri za DVD. Ana wateja 8 Jumanne. Wateja wake 3 wa kwanza hununua DVD moja kila mmoja. Wateja wake 2 wanaofuata hununua DVD 2 kila mmoja. Wateja wake 3 wa mwisho hawanunui DVD yoyote. Billy aliuza DVD ngapi siku ya Jumanne?	7
Mshumaa huyeyuka kwa sentimita 2 kila saa inayowaka. Mshumaa utapungua kwa sentimita ngapi baada ya kuwaka kuanzia saa 7:00 mchana hadi saa 11:00 jioni?	8
Kyle alinunua kitabu kilichonunuliwa zaidi mwaka jana kwa $19.50. Hii ni baada ya kupokea kipunguzo cha 25% ya bei ya asili. Bei asili ya kitabu hicho ilikuwa ngapi?	26
Marie aliagiza chakula kimoja cha kuku kinachogharimu $12, pakiti 5 za maziwa zinazogharimu $3 kila moja, tufaha 4 zinazogharimu $1.50 kila moja, na maboksi mengine ya pizza. Marie alilipa jumla ya $50. Marie aliagiza maboksi mangapi ya pizza ikiwa kila boksi linagharimu $8.50?	2
Mishka alinunua jozi 3 za kaptura, jozi 3 za suruali, na jozi 3 za viatu. Jozi moja ya kaptura ni $16.50. Jozi moja ya suruali ni $22.50 na jozi moja ya viatu ni $42. Mishka alitumia dola ngapi kununua bidhaa zote za mavazi alizonunua?	243
Cynthia hukula kipande kimoja cha aiskrimu kila usiku. Yeye hununua katoni za aiskrimu zilizo na vipande 15 vya aiskrimu kwa kila katoni kwa bei ya $4.00 kwa kila katoni. Baada ya siku 60, atakuwa ametumia pesa ngapi kwenye aiskrimu?	16
Henry alisimama mara mbili wakati wa safari yake ya maili 60 kwa baiskeli. Alisimama mara ya kwanza baada ya maili 20. Alisimama mara ya pili akiwa amebakisha maili 15 ili amalize safari hiyo. Alisafiri maili ngapi kati ya kusimama mara ya kwanza na ya pili?	25
Gloria ananunua anapokutana na jozi ya mabuti inayotoshea bajeti yake ya kiatu. Hata hivyo, ni lazima achague kati ya mabuti hayo na jozi mbili za viatu vyenye visigino vilivyoinuka ambazo kwa pamoja gharama yao ni chini ya gharama ya mabuti kwa dola tano. Iwapo jozi moja ya viatu vyenye visigino vilivyoinuka inagharimu $33 na jozi hiyo nyingine bei yake ni mara mbili ya jozi ya kwanza, bei ya mabuti ni dola ngapi?	104
Umri wa Darrel na Allen upo katika uwiano wa 7:11. Iwapo jumla ya umri wao wa sasa ni miaka 162, piga hesabu ya umri wa Allen miaka 10 ijayo kutoka sasa.	109
Gunter anajaribu kuhesabu peremende zilizo kwenye chupa kubwa. Anawauliza marafiki zake kuwa wanadhani peremende ngapi zipo kwenye chupa hiyo kubwa. Mmoja anasema 80. Mwingine anasema 20 zaidi ya nusu ya ile wa kwanza alisema. Wa tatu anasema 25% zaidi ya wa kwanza. Wastani ya kisio lao ni ngapi?	80
John hutunza mbwa 10. Kila mbwa humchukua saa .5 kwa siku kutembeza na kushughulikia. Huwa anatumia saa ngapi kwa wiki kuwatunza mbwa hao?	35
Gretchen ana sarafu 110. Kuna sarafu 30 za dhahabu zaidi ya sarafu za fedha. Gretchen ana sarafu ngapi za dhahabu?	70
Siobhan ana vito 2 chache zaidi ya vya Aaron. Aaron ana vito 5 zaidi ya nusu ya vito vya Raymond. Ikiwa Raymond ana vito 40, Siobhan ana vito vingapi?	23
Mike anacheza tenisi kwa dakika 40. Katika dakika 20 za kwanza, anafunga alama 4. Katika dakika 20 za pili, anafunga alama 25% zaidi. Alifunga jumla ya alama ngapi?	9
Terry hukunywa maziwa 2 ya mtindi. Kwa sasa kuna ofa ya maziwa 4 ya mtindi kwa $5.00. Huwa anatumia pesa ngapi kununua maziwa ya mtindi kwa kipindi cha siku 30?	75
John anapanga kuuza wanasesere wake wote na kutumia pesa hizo kununua michezo ya video. Ana seti 13 za lego na anaziuza kwa $15 kwa kila seti. Anafanikiwa kununua michezo 8 ya video kwa $20 kila moja na kusalia na $5. Bado ana seti ngapi za lego?	2
John hukimbia maili 60 kwa wiki. Huwa anakimbia siku 3 kwa wiki. Huwa anakimbia saa 3 siku ya kwanza na nusu ya kiasi hicho kwa siku nyingine mbili anazokimbia. Huwa anakimbia kwa kasi gani?	10
Dana anaweza kukimbia kwa kiwango cha kasi ambayo ni mara nne zaidi ya anavyoweza kutembea, lakini anaweza kuruka kwa kiwango cha kasi ambayo ni nusu ya kasi yake ya kukimbia. Iwapo anaweza kuruka maili 3 kwa saa, anaweza kusafiri maili ngapi kwa saa sita iwapo anatumia theluthi moja ya saa kukimbia na theluthi mbili ya saa kutembea?	18
iPhone ya Brandon ni ya zamani mara nne zaidi ya iPhone ya Ben. iPhone ya Ben ni ya zamani mara mbili zaidi ya iPhone ya Suzy. Iwapo iPhone ya Suzy imekaa mwaka 1, iPhone ya Brandon imekaa kwa miaka mingapi?	8
Zimwi mkubwa, Perg, alikaa sehemu ya juu zaidi ya mlima Farbo, akiwa na hasira zaidi kwa kitu chochote ndani ya umbali wa futi 1000. Polly aliweza kutupa mkuki wa dhahabu, silaha pekee inayojulikana inayoweza kumfikia zimwi huyo, kwa umbali wa futi 400, vizuri ndani ya ufikiaji wa miale ya zimwi. Lakini Polly aliposhikilia johari, aliweza kutupa mkuki huo mara tatu zaidi ya umbali wa wakati ambapo hajashikilia johari. Akishikilia johari, ni umbali gani zaidi usioweza kufikiwa na miale ya zimwi ambao Polly angesimama na bado kuweza kumgonga zimwi huyo kwa mkuki wa dhahabu?	200
Bibiye Jones alioka keki 5 za tufaha kwa ajili ya chamcha ya afisa wa kuzima moto. Alikata kila keki kwa vipande 8 na kupanga keki tano kwenye meza ya chakula cha kujipakulia ili wageni waweze kujipakulia. Mwishoni mwa jioni, baada ya wageni kuchukua na kula vipande vyao vya keki, kulikuwa na vipande 14 vya keki ambavyo vilikuwa vimesalia. Wageni walikula vipande vingapi?	26
Kulingana na maelezo yake ya lishe, mfuko wa chipsi una kalori 250 kwa kila sehemu iliyopakuliwa. Iwapo mfuko wa gramu 300 una sehemu 5 za kupakuliwa, unaweza kula gramu ngapi iwapo lengo lako la kalori kila siku ni 2000 na tayari umekula kalori 1800?	48
Charlie anataka kuuza mishumaa ya nta ya nyuki. Kwa kila pauni ya nta ya nyuki, anaweza kutengeneza mishumaa 10. Pauni moja ya nta ya nyuki na tambi zote zinagharimu $10.00. Akiuza kila mshumaa kwa $2.00 kwa kila moja, jumla ya faida yake akitengeneza na kuuza mishumaa 20 itakuwa ngapi?	20
Meredith ni mwanablogu huria ambaye huandika kuhusu mada za afya na kuwasilishia wateja kila siku kama kazi yake ya muda wote. Makala ya blogu huchukua wastani ya saa 4 kuyafanyia utafiti na kuandika. Wiki iliyopita, aliandika makala 5 Jumatatu na Jumanne akaandika makala mara 2/5 zaidi siku ya Jumatatu. Jumatano, aliandika makala mara mbili ya zaidi ya aliyoandika Jumanne. Piga hesabu ya jumla ya saa alitumia kuandika makala katika siku hizo tatu.	104
Candice aliweka karatasi 80 zenye vibandiko kwenye pochi lake kabla ya kuondoka kwenda kazini katika duka lake la kahawa. Akiwa njiani, alisimama katika duka na kununua kifurushi cha karatasi zenye Kibandiko; Akiwa kazini, aliweka katarasi moja yenye kibandiko kwenye vikombe 220 tofauti vya kahawa. Iwapo alikuwa amesalia na karatasi 23 zenye vibandiko kwa jumla, karatasi ngapi zenye vibandiko zilikuwa katika kifurushi alichonunua?	163
John ananunua tai nyekundu mara mbili zaidi ya tai za buluu. Bei ya tai nyekundu ni 50% zaidi ya bei ya tai za buluu. Alitumia $200 kununua tai za buluu ambazo zinauzwa $40 kila moja. Alitumia pesa ngapi kununua tai?	800
Tracy alitumia kipande cha waya wenye urefu wa futi 4 kushikilia mimea ya nyanya kwenye shamba. Waya huo ulikatwa katika vipande vyenye urefu wa inchi 6. Alipata vipande vingapi?	8
Richard anaishi katika jengo la ghorofa lenye orofa 15. Kila orofa lina nyumba 8, na 3/4 ya jengo hilo linamilikiwa. Jumla ya idadi ya nyumba ambazo hazijamilikiwa katika jengo hilo ni ngapi?	30
Lloyd ana shamba la mayai. Kuku wake hutaga mayai 252 kwa siku na huwa anauza mayai hayo $2 kwa kila dazeni. Lloyd hupata pesa ngapi kutoka kwa mayai kila wiki?	294
Meli ya Tom inaweza kusafiri kwa kasi ya maili 10 kwa saa. Anasafiri kuanzia saa 7 mchana hadi saa 10 jioni. Kisha anasafiri akirudi kwa kasi ya maili 6 kwa saa. Itamchukua muda gani kurudi?	5
Mkoba wa kitabu wa Uriah unakuwa mzito sana kwake. Anahitaji kuondoa pauni 15 kwenye mkoba huo. Vitabu vyake vya futuhi vina uzani wa pauni 1/4 kila kimoja na wanasesere wake wana uzani wa pauni 1/2 kila mmoja. Akiondoa vitabu 30 vya futuhi, anahitaji kuondoa wanasesere wangapi?	15
Makanika hutoza viwango tofauti katika kukarabati tairi za malori na magari. Kwa kila tairi ya lori ambayo imekarabatiwa, makanika atatoza $60 na kwa kila tairi ya gari ambayo imekarabatiwa, makanika atatoza $40. Alhamisi, makanika huyo alikarabati tairin 6 za lori na tairi 4 za gari. Ijumaa, makanika huyo alikarabati tairi 12 za gari na hakukarabati tairi zozote za lori. Mapato zaidi ambayo makanika huyo alipata siku ambayo alipata mapato mengi zaidi ni ngapi?	40
Dada wa Doubtfire wanaendesha wakielekea nyumbani na watoto 7 wa paka waliochukua kutoka makao ya wanyama katika eneo lao kisha mama yao akawapigia simu kuwa paka wao wawili wa nyumba wamezaa watoto. Anasema kuwa Patchy, paka wa kwanza, ana watoto ambao idadi yao ni mara tatu ya watoto wa paka waliotwaa, huku Trixie, paka mwingine, ana watoto 12. Familia ya Doubtfire sasa ina watoto wangapi wa paka?	40
Jean ana pipi 30. Jean anakula pipi 2 kati ya pipi hizo. Kwa pipi zilizosalia,Jean anataka kuweka pipi 2 kwenye mfuko moja. Jean anaweza kujaza mifuko mingapi?	14
Pete anapanga kwenda kwa filamu wiki hii. Kila mara huwa anapata tikiti ya $7 na bisi ya $7. Iwapo ana dola 42 za kutumia kwa wiki, ni mara ngapi anaweza kwenda kwenye filamu?	3
Daraja la mbao linaweza kubeba pauni zisizozidi 5000. Lori la uwasilishaji lililojaa na maboksi yanayofanana, kila boksi likiwa na uzani wa pauni 15, litapita juu ya daraja hilo. Jumla ya uzani wa dereva na lori tupu ni pauni 3755. Idadi ya juu zaidi ya maboksi yanayoweza kupakiwa kwenye lori bila kuzidi kikomo cha uzani wa daraja hilo ni ngapi?	83
Stephen aliagiza mboga mtandaoni. Bili yake ya mwisho ilikuwa $40.00. Kwa sababu hii ilikuwa kupitia muuzaji wa kuwasilisha bidhaa, walitoza ada ya 25% kwenye jumla yake ya mwisho na kumtoza $3.00 kama ada ya uwasilishaji. Stephen pia aliongeza $4.00 ya bahshishi. Baada ya ada za ziada, bei ya mwisho ya mboga za Stephen ilikuwa ngapi?	57
Kichaka cha rasiberi kina makundi 6 yenye matunda 20 kwa kila kundi na matunda 67 yametapakaa moja moja kwenye kichaka hicho. Juna rasiberi ngapi kwa jumla?	187
Kikapu kina machungwa 25 na 1 miongoni mwao limeharibika, 20% hayajaiva, 2 ni chachu na mengine ni mazuri. Machungwa mangapi ni mazuri?	17
Janet anamnunulia binti yake bruki. Analipa $500 ya kitambaa cha kuitengeneza na kisha $800 nyingine ya mtengeneza vito wa kuitengeneza. Baada ya hapo, analipa 10% ya hiyo kuiwekea bima. Alilipa pesa ngapi kwa jumla?	1430
Mercy akifanya kazi katika kampuni moja kwa miaka 40, atapata malipo ya uzeeni ya kila mwaka ya $50,000 kwa mwaka. Kuanzia baada ya miaka 20, anakuwa na haki ya kupata 5% ya thamani ya malipo ya uzeeni kila mwaka. Akiacha kazi baada ya miaka 30, malipo yake ya uzeeni ya kila mwaka yatakuwa ngapi?	25000
Aleena alijisajili kwenye huduma ya utiririshaji ambayo humtoza $140 kila mwezi. Iwapo kampuni ya utiririshaji ilimtoza kiwango hicho cha awali kwa nusu ya kwanza ya mwaka na kisha kumtoza kiwango kidogo kwa 10% kwa nusu nyingine ya mwaka huo, piga hesabu ya jumla ya kiwango ambacho alikuwa amelipia huduma ya utiririshaji mwishoni mwa mwaka huo.	1596
Sophia anafikiria kwenda safari kwa kutumia gari lake, na angependa kujua umbali ambao anaweza kwenda kwa tangi moja ya mafuta ya gari. Amesafiri maili 100 tangu mara ya mwisho alipojaza tangi yake, na alihitaji kuongeza galoni 4 za mafuta ya gari ili kujaza tangi yake tena. Kitabu cha mwongozo cha gari lake kinasema kuwa tangi yake inabeba galoni 12 za mafuta ya gari. Sophia anaweza kuendesha maili ngapi kwa kutumia tangi moja ya mafuta ya gari?	300
Jim hutumia saa 2 kutazama televisheni na kisha kuamua kwenda kitandani na kusoma kitabu kwa nusu ya muda huo. Yeye hufanya hii mara 3 kwa wiki. Huwa anatumia saa ngapi kutazama televisheni na kusoma kitabu kwa wiki 4?	36
Kuna shule nne zinazoshindana katika shindano la mpira wa kikapu. Kila shule imetuma timu ya wasichana ya mpira wa kikapu na timu ya wavulana ya mpira wa kikapu na kila timu ina wachezaji 5. Kila shule pia imetuma kocha wa kila timu. Kwa jumla, shule zote zimewatuma watu wangapi?	48
Mwindaji wa hazina alipata hazina iliyozikwa ambayo ilikuwa imejaa na vito. Kulikuwa na almasi 175, rubi chache kuliko almasi kwa 35, na idadi ya zumaridi ilikuwa mara mbili zaidi ya idadi ya rubi. Kulikuwa na jumla ya vito vingapi katika hazina hiyo?	595
Idadi ya wavulana katika shule ya R. Wertz ni mara mbili zaidi ya idadi ya wasichana. Iwapo kuna wasichana 60 na wanafunzi 5 kwa kila mwanafunzi, shule hiyo ina walimu wangapi?	36
Bailey huanza kwa kiasi fulani cha pesa. Kisha hupokea marupurupu ya kila wiki ya $5 kwa wiki 8. Mwishoni mwa wiki 8, iwapo ana jumla ya $100, Bailey alianza na pesa ngapi?	60
Judy hufunza madarasa 5 ya densi, kila siku, siku za wiki na madarasa 8 Jumamosi. Ikiwa kila darasa lina wanafunzi 15 na anatoza $15.00 kwa kila mwanafunzi, huwa anatengeneza pesa ngapi kwa wiki 1?	7425
Kelian ana mapishi mawili ya kuandaa milo, moja lina maelekezo 20 na la pili lina maelekezo mara tatu zaidi ya mapishi ya kwanza. Kelian anahitajika kusoma maelekezo mangapi ili kuandaa milo miwili?	60
Tommy anafanya mchango wa hisa yake kwa kuuza keki za kahawia kwa $3 kwa kila slesi na keki za jibini kwa $4 kwa kila slesi. Tommy aliuza slesi 43 za keki za kahawia na slesi 23 za keki ya jibini, Tommy alichangisha pesa ngapi?	221
Shiela alinunua simu tano za mkononi kwa $150 kwa kila moja kwa malipo ya polepole ya miezi 3. Riba ya 2% itatozwa kwa kila simu. Sheila atalipa pesa ngapi kila mwezi kwa miezi 3?	255
Artie ana sehemu ya kuuza maua katika Soko la Wakulima. Huwa anauza aina tatu za maua: matageta, petunia na begonia. Huwa anauza matageta kwa $2.74 kwa kila chungu, petunia kwa $1.87 kwa kila chungu na begonia kwa $2.12 kwa kila chungu. Artie hana pesa zozote za thamani ya chini hivyo anaamua kufanya bei zake zote kufika dola inayokaribia. Iwapo Artie atauza nyungu 12 za matageta, nyungu 9 za petunia na nyungu 17 za begonia, atatengeneza pesa ngapi?	88
Luke ametulia kwenye ufuo wa bahari akijenga kasri za mchanga. Hatimaye anagundua kuwa kila kiwango cha kasri ya mchanga kitakuwa na nusu ya futi mraba ya kiwango kilichoko chini yake. Akiunda kasri ya mchanga yenye viwango 4 ambapo kiwango cha juu kina futi mraba 16, wastani wa futi mraba ya kiwango ni ngapi?	60
Cecilia amenunua mtoto mdogo wa umbwa. Kulingana na daktari wake wa wanyama, anahitaji kumlisha mtoto huyo wa mbwa kikombe 1 cha chakula cha mbwa kila siku kwa siku 180 za kwanza. Kisha anahitaji kumlisha mtoto huyo wa mbwa vikombe 2 vya chakula cha mbwa kila siku kwa maisha yake yote. Iwapo mfuko moja wa chakula cha mbwa una vikombe 110, Cecilia atatumia mifuko mingapi ya chakula cha mbwa kwa mwaka wa kwanza?	5
Iwapo Raymond hufua nguo nusu ya kiwango ambacho Sarah hufua, na Sarah hufua nguo mara 4 zaidi ya David, piga hesabu ya tofauti katika kiwango cha nguo ambazo Raymond na David hufua Sarah akifua pauni 400 za nguo.	100
Vincent anaweza kununua maua katika vifurushi vya 3 kwa $2.50 au katika vifurushi 2 vya $1. Huwa anaokoa pesa ngapi kwa kununua maua 18 kwa bei bora?	6
John anachukua mbwa. Anampeleka mbwa huyo kwa mnadhifishaji, kwa gharama ya $100. Mnadhifishaji huyo anampa kipunguzo cha 30% kwa kuwa mteja mpya. Unadhifishaji huo utamgharimu pesa ngapi?	70
Wasichana wawili kila mmoja alipata 1/6 ya lita 24 za maji. Kisha mvulana alipata lita 6 za maji. Lita ngapi za maji zilisalia?	10
Charlie alikuwa na vibandiko 10. Alinunua vibandiko 21 kwenye duka katika jengo la maduka na kupata vibandiko 23 vya siku yake ya kuzaliwa. Kisha Charlie alimpa dadake vibandiko 9 na akatumia 28 kupamba kadi ya salamu. Charlie amesalia na vibandiko vingapi?	17
Grace ana uzani wa pauni 125. Uzani wa Alex ni pauni 2 kiasi kwa mara 4 ya uzani wa Grace. Jumla ya uzani wao kwa pauni ni ngapi?	623
Dan anapanda vichaka 3 vya waridi. Kila kichaka cha waridi kina waridi 25. Kila waridi una miiba 8. Kuna miiba mingapi kwa jumla?	600
Timu ya kandanda ilicheza michezo 22. Walishinda michezo 8 wazidi ya waliopoteza. Walishinda michezo mingapi?	15
Gene anashona mfarishi kwa kutumia tisheti za kale za ukumbusho. Ana shati moja kutoka kwa kila likizo aliyowahi kwenda. Kila shati ni pande kubwa la mfarishi wake. Kila safu imeundwa kwa pande kubwa kutoka mwaka tofauti wa likizo. Huwa anaenda likizo nne kwa mwaka na amekuwa akienda likizo tangu alipokuwa na umri wa miaka 23. Sasa ana umri wa miaka 34. Ana pande kubwa za mfarishi ngapi kwa jumla?	44
Greg ameweka king'ora kilie mara tatu kwa siku kama kikumbusho. King'ora kikianza kulia, huwa kinaendelea kulia hadi Greg akizime. Mara ya kwanza kilipoanza kulia leo, kililia mara nne. Mara ya pili kilipoanza kulia, kililia mara tatu zaidi ya mara ya kwanza kilipolia. Mara ya tatu kilipolia, kililia nusu ya kilivyolia mara ya pili. King'ora hicho kililia mara ngapi kwa jumla?	22
Kampuni hulipa kila mmoja wa wafanyakazi wake $600 kwa mwezi. Kampuni hiyo ina sera ya kuongeza mishahara ya kila mfanyakazi kwa 10% ya mshahara wa awali kila mwaka kwa wale ambao wamekaa kwenye kampuni hiyo kwa miaka mitano. Ikiwa Sylvie alifikisha miaka 5 katika kampuni hiyo Desemba iliyopita, mshahara wake wa kila mwaka baada ya miaka mitatu zaidi ya kuhudumia kampuni hiyo ni ngapi?	9360
Rekodi ya kwanza ya Marilyn iliuza nakala mara 10 zaidi ya rekodi ya Harald. Iwapo waliuza nakala 88,000 kwa jumla, Harald aliuza nakala ngapi?	8000
Christina anapanga sherehe ya siku ya kuzaliwa na anahitaji mikoba .75 ya zawadi kwa kila mgeni aliyealikwa, kwa sababu 1/4 ya wahudhuriaji hawakuhudhuria. Alialika marafiki 16. Mikoba ya zawadi ni $2 kila moja. Atatumia pesa ngapi?	24
Ted the T-Rex alikuwa anapanga kupeleka kachumbari ya viazi kwenye mandari ya dinosaria. Anajua kuwa dinosaria mkubwa atakula lb 10 za kachumbari ya viazi, na mtoto atakula nusu ya kiwango ambacho mkubwa atakula. Iwapo kutakuwa na wakubwa 20 na watoto 5 katika mandari hiyo, Ted anahitaji kuleta pauni ngapi za kachumbari ya viazi kwenye mandari ikiwa anatarajia kulisha kila dinosaria?	225
Idadi ya wanyama vipenzi wa Jani ni mara tatu zaidi ya wale wa Marcia. Marcia ana wanyama vipenzi wawili zaidi ya Cindy. Iwapo Cindy ana wanyama vipenzi wa nne, jumla ya idadi ya wanyama vipenzi wa watu hawa watatu ni ngapi?	28
Emily ana watoto 4 wanaojulikana kama Amy, Jackson, Corey, na James. Ami ana miaka 5 zaidi ya Jackson na miaka 2 mdogo kwa Corey. Iwapo James ana miaka 10 na ni mdogo kwa Corey kwa mwaka 1, Jackson ana umri wa miaka mingapi?	4
Lee alikuwa anaweza kukimbia mbio ya viunzi vya mita 400 sekunde mbili haraka zaidi ya jinsi ambavyo Gerald angekimbia viunzi vya mita 400. Lakini Gerald alibadilisha mlo wake, ulioboresha kasi yake kwa 10%. Iwapo Lee hukimbia viunzi vya mita 400 kwa sekunde 38, Gerald, kwa lishe yake iliyoboreshwa, anaweza kukimbia viunzi vya mita 400 kwa sekunde ngapi?	36
Katika mtaa, idadi ya sungura ni kidogo na kumi na mbili kwa jumla ya idadi ya mbwa na paka. Ikiwa kuna paka wawili kwa kila mbwa, na idadi ya mbwa ni 60, kuna wanyama vipenzi wangapi kwa jumla katika mtaa huo?	348
Kwa wanafunzi 200 wa darasa la 5, 2/5 ni wavulana na 2/3 ya wasichana wapo katika skauti ya wasichana. Ni wasichana wangapi hawako kwenye skauti ya wasichana?	40
Harry alilala kwa saa 9 usiku uliopita. Rafiki yake James alilala 2/3 pekee ya saa ambazo Harry alilala. Harry alilala saa ngapi zaidi ya James?	3
Freda akipika mchuzi wa nyanya zilizowekwa kwenye mkebe, huwa zinapoteza nusu ya ujazo wao. Kila mkebe wa nyanya wenye aunsi 16 ambao huwa anatumia una nyanya tatu. Kifurushi cha mwisho cha Freda cha mchuzi wa nyanya kilitengeneza aunsi 32 za mchuzi. Freda alitumia nyanya ngapi?	12
Magari yamejipanga kwenye barabara. Baadhi ya magari hayo yanapita katika dakika 15 za kwanza za trafiki, kisha magari 20 zaidi yanapita katika dakika 15 zinazosalia za trafiki. Magari 5 kutoka kwenye laini yanaondoka kwenye barabara kuu ili yasiendshwe kwenye trafiki hiyo. Ikiwa awali kulikuwa na magari 30 kwenye barabara, ni magari mangapi yalipita trafiki katika dakika 15 za kwanza?	5
Mary mkulima wa bustani mwenye shauku. Jana, alipokea mimea 18 iliyowekwa kwenye nyungu kutoka kwa bustani ya miche anayopendelea zaidi. Tayari ana mimea 2 kwenye nyungu kwenye kila vishubaka 40 vya dirisha lake katika boma lake kubwa la mashambani. Kwa kuwa na ukarimu, ameamua kuwa kesho atapeana mmea 1 ulio kwenye chungu kutoka kwa kila kishubaka kwa marafiki na familia. Mary atasalia na mimea mingapi iliyo kwenye nyungu?	58
Jerome alikuwa na marafiki 4 waliokuja kumtembelea siku fulani. Rafiki wa kwanza alibonyeza kengele ya mlango mara 20 kabla ya Jerome kufungua, rafiki wa pili alibonyeza kengele ya mlango mara 1/4 zaidi ya rafiki wa kwanza wa Jerome. Rafiki wa tatualibonyeza kengele hiyo mara 10 zaidi ya rafiki wa nne. Iwapo rafiki wa nne alibonyeza kengele ya mlango mara 60, kengele hiyo ya mlango ililia mara ngapi?	175
Solo anahitajika kusoma kurasa 4 kutoka kwa kitabu chake cha kiada cha Sayansi, kurasa 20 kutoka kwa kitabu chake cha kiada cha Masomo ya Kijamii, kurasa 7 kutoka kwa kitabu chake cha kiada cha Historia na kurasa 8 kutoka kitabu chake cha kiada cha Jiografia. Solo alisoma kurasa 15 siku ya Jumatatu. Ikiwa ana siku 4 zaidi za kukamilisha kurasa zote za kusoma, kwa wastani anahitaji kusoma kurasa ngapi kwa siku?	6
John anapenda kunywa glesi ya maji wakati wa staftahi, chamcha na chajio. Hatimaye, huna anakunywa glesi moja kabla ya kwenda kulala. John hufanya hii kila siku za wiki, lakini wikendi huwa anapenda kutulia na kunywa soda badala ya maji wakati wa chajio. John huwa anakunywa glesi ngapi za maji kwa wiki?	26
Lundo la ukungu linabingirika kutoka kwa bahari na kufunika jiji. Linachukua dakika 10 kufunika kila maili 3 za jiji. Iwapo jiji lina upana wa maili 42 kutoka ufuo wa bahari hadi ng'ambo nyingine ya nchi kavu, lundu hilo la ukungu litachukua dakika ngapi kufunika jiji zima?	140
Poppy anatatua fumbo lenye vipande 1000. Anaweza robo moja ya vipande hivyo kwenye ubao, kisha mamake anaweza thuluthi moja ya vipande vinavyosalia. Vipande vingapi vimesalia bila kuwekwa?	500
Cody huwa anakula biskuti mara tatu zaidi ya biskuti ambazo Amir hukula. Iwapo Amir hukula biskuti 5, wote wawili huwa wanakula biskuti ngapi kwa pamoja?	20
John ana maboksi 3. Kila boksi ni la inchi 5 kwa inchi 6 kwa inchi 4. Kuta zina unene wa inchi 1. Jumla ya nafasi ya ndani ya visanduku vyote 3 ni ngapi?	72
Frankie hutazama televisheni baada ya kukamilisha kazi zake za ziada kila usiku. Jumatatu na Jumanne, alitazama kipindi cha saa 1 cha filamu yake anayopenda kila usiku. Jumatano, alitazama vipindi vichache vya onyesho la dakika 30. Alhamisi, alikamilisha kazi yake ya ziada mapema na akatazama kipindi cha saa 1 na onyesho la dakika 30. Ijumaa, alikesha kwa sababu ya wikendi, hivyo alitazama vipindi viwili vya saa 1. Iwapo alitazama saa 7 za televisheni kwa jumla, alitazama vipindi vingapi vya dakika 30 siku ya Jumatano?	3
Henry anatengeneza biskuti kwa ajili ya shindano la ndani ya kuoka. Anataka kutengeneza mara mbili zaidi ya alizotengeneza mwaka jana. Akikamilisha kuoka, anagundua kuwa alioka biskuti 15 zaidi ya alivyotarajia. Biskuti 5 zilianguka alipokuwa akiziweka ili zipoe, na sasa ana jumla ya biskuti 110. Henry alioka biskuti ngapi mwaka jana?	50
Kituo cha mafuta katika eneo lako linauza galoni ya mafuta kwa $3.00. Kampuni ya programu inatoa rejesho la fedha la $.20 kwa kila galoni ukiongeza mafuta katika kituo hiki. Mtu akinunua galoni 10 za mafuta, mafuta yao yatakuwa pesa ngapi baada ya tuzo za kurejeshewa pesa?	28
Marcell na Beatrice wana shindano la kuona anayeweza kula zaidi matunda yaliyokunjwa, hivyo wanakunjua kiasi wanachoweza kupata. Kwa bahati mbaya, mtu anafanya kosa kwani matunda ya Beatrice yalikuwa na mikunjo miwili kwa upana na mikunjo 24 kwa urefu huku matunda ya Marcel yalikuwa na mikunjo 3 kwa upana na mikunjo 14 kwa urefu. Iwapo wote wawili walikula matunda hayo yote, walikula ngapi kwa wastani?	45
Mashua ya Julia yalianza kuvuja wakati alikuwa kwenye ziwa. Mashua hayo yalikuwa yanaingiza lita mbili za maji kwa kila futi kumi alivuta makasi akirejea ufuo. Ilimchukua sekunde kumi na sita kupiga makasia ya futi ishirini. Ufuo ulikuwa umbali wa sekunde 64. Mashua hayo yalikuwa yameingiza maji kiasi gani wakati ambapo Julia alifika kwenye ufuo?	16
Darasa lina ubao mweupe unaoshirikiwa kati ya walimu 4 ambao hutumia darasa hilo kwa zamu. Kila mwalimu ana masomo 2 kwa siku na hutumia ubao huo mweupe katika kila somo. Iwapo ubao mweupe hufutwa mara 3 kwa kila somo, ubao huo mweupe huwa unafutwa mara ngapi kwa siku?	24
Ryan hupanda mua 2 kwa siku katika bustani lake. Baada ya siku 15, atakuwa na maua mangapi iwapo maua 5 hayakumea?	25
Simu ya Jamal inaweza kubeba picha mara 6 zaidi ya simu ya Brittany. Idadi ya juu zaidi ya picha ambazo simu ya Brittany inaweza kubeba ni mara 50 zaidi ya idadi ya ndege katika picha ya Jamal ya bata katika mahali pa kufuga wanyama pori. Ikiwa simu ya Jamal inaweza kubeba picha 1800, bata wangapi wanaweza kuonekana katika picha ya Jama ya bata katika mahali pa kufuga wanyama pori?	6
Sasha amegundua kuwa bei za magogo imeongezeka kwa 50% katika miezi michache iliyopita baada ya kununua magogo mengine. Kwa kuwa ana yale yaliyosalia, anaamua kuyauza. Ana mabaki ya mbao kumi za 2 x 4 x 10 zilizomgharimu $10 kila moja. Pia ana mbao tano za 4 x 4 x 10 alizonunua $16 kila moja. Akiziuza zote, alitengeneza faida ya pesa ngapi?	90
Katy hutengeneza kahawa kwa kutumia vijiko vidogo vya sukari na vikombe vya maji katika uwiano wa 7:13. Ikiwa alitumia jumla ya vijiko vidogo 120 vya sukari na vikombe vya maji, piga hesabu ya idadi ya vijiko vidogo vya sukari alivyotumia.	42
John ananunua jozi 2 za viatu kwa kila mtoto kati ya watoto wake 3. Gharama yao ni $60 kwa kila kimoja. Alilipa pesa ngapi kwa jumla?	360
Afisa wa forodha katika bandari kuu ya ukaguzi wa SeaSide alihesabu kontena 2 za magari yaliyotolewa nje ya nchi, kila kontena ikiwa na magari 5 ndani yake. Siku iliyofuata, kontena zaidi zililetwa, na jumla ya idadi ya magari katika bandari hiyo ilikuwa 30. Piga hesabu ya idadi ya kontena ambazo zilinunuliwa kutoka nje ya nchi siku ya pili, ukichukulia kuwa kontena zote zilikuwa na magari 5.	4
Jumla ya mshahara wa Adrien ilikuwa asilimia 30 juu ya mshahara wa Lulah. Miaka minne baadaye, mshahara wake ulikuwa umeongezeka, na alikuwa anapata 40% zaidi ya mshahara ambao alikuwa anapata miaka minne iliyopita. Ikiwa mshahara wa Adrien na Lylah uliongeleza sambamba, na Adrien alikuwa anapata $40000 miaka minne iliyopita, piga hesabu ya jumla ya mshahara ambao watu hao wawili walikuwa wanapokea miaka minne baadaye?	95200
Miguel hutumia pedi 2 za karatasi kwa wiki katika uchoraji wake. Ikiwa kuna kurasa 30 za karatasi kwenye pedi moja ya karatasi, huwa anatumia kurasa ngapi za karatasi kila mwezi?	240
Morisette na Kael waliambiwa walete matunda. Morisette alileta tufaha 5 na machungwa 8, huku Kael alileta mara mbili ya idadi ya tufaha na nusu ya idadi ya machungwa ambayo Morisette alileta. Wana matunda ngapi kwa jumla?	27
Sadie alilala saa 8 Jumatatu. Kwa siku mbili zinazofuata, alilala saa 2 kidogo, kila moja, kwa sababu alihitaji kukamilisha kazi zake za ziada. Ikiwa siku zilizosalia kwa wiki alilala saa 1 zaidi ya siku hizo mbili, alilala saa ngapi kwa jumla katika wiki nzima?	48
Rosie anaweza kukimbia maili 10 kwa saa kwa saa 3 mfululizo. Baada ya hapo, atakimbia maili 5 kwa saa. Anaweza kukimbia maili ngapi kwa saa 7?	50
Jennie anasaidia katika ofisi ya mamake. Ana mrundo wa barua 60 zinazohitaji kutiliwa muhuri, na mrundo wa barua ambazo tayari zina muhuri. Anaweka muhuri kwenye thuluthi moja ya barua zinazohitaji muhuri. Ikiwa sasa kuna barua 30 katika mrundo wa barua zilizo na muhuri, barua ngapi zilikuwa katika mrundo huo kabla ya Jennie kuanza?	10
Julia alikuwa anaandaa sherehe ya chakula cha jioni katika nyumba yake, ambapo alikuwa amelenga kupakulia watu mchuzi. Aligundua kuwa vijiko vyake vya plastiki vilikuwa vimeisha, hivyo alinunua kifurushi cha vijiko vipya. Baadaye, mume wake pia alinunua kifurushi cha vijiko 5 vipya na akapatia Julia. Wakati Julia alikuwa anaandaa mchuzi, alitumia vijiko vitatu kati ya vijiko vyote kuonja mchuzi wake. Baadaye, alipoenda kuandaa meza, alikuwa na jumla ya vijiko 12. Vijiko vingapi vilikuwa katika kifurushi ambacho Julia alinunua?	10
Dylan alihitaji soseji za kukua na soseji za samaki ili kuandaa mandazi ya soseji katika sherehe. Alinunua soseji 38 za kuku na soseji 6 za samaki zaidi ya za kuku. Dylan alinunua soseji ngapi kwa jumla?	82
Baada ya kuhamia shule mpya, Amy alipata marafiki 20 zaidi ya Lily. Iwapo Lily alipata marafiki 50, Lily na Amy wana jumla ya marafiki wangapi kwa jumla?	120
Mamake Wells huuza tikitimaji, pilipili, na machungwa katika duka lililopo kwenye eneo lake. Bei ya tikitimaji ni mara tatu zaidi ya bei ya kila pilipili. Bei ya tikitimaji imeshinda bei ya chungwa na 5. Dillon ametumwa kwenye duka kununua tikitimaji 4, pilipili 20, na machungwa 10. Atatumia pesa ngapi kwa jumla ikiwa bei ya kila pilipili ni $15?	880
Hospitali huhudumia watu 500 kwa siku. Kila mgonjwa anahudumiwa kwa wastani wa dakika 24. Madaktari hutoza hospitali $150 kwa saa na hospitali hutoza wagonjwa $200 kwa saa. Hospitali hupata faida ya pesa ngapi kwa safari hizi?	10000
Nissa anaajiri wafanyakazi 60 wa kimsimu kucheza mchezo wa elvu katika kijiji cha Santa cha idara ya duka lake. Theluthi moja yao wanaondoka baada ya watoto kuwatapikia, kisha 10 kati ya waliosalia wanaondoka baada ya watoto kuwapiga teke. Wangapi wamesalia?	30
Matumizi ya Joseph mwezi wa Mei yalikuwa $500. Mwezi wa Juni, matumizi yake yalipungua kwa $60. Jumla ya matumizi yake kwa miezi hiyo miwili ilikuwa ngapi?	940
Pam na Fred walienda kanivali. Pam aliendesha rolakosta mara 2 huku Fred aliiendesha mara 4. Baada ya hapo, kila mmoja wao aliamua kuendesha luji mara 2. Ikiwa kila kuendesha ilikuwa inagharimu tiketi 6, wote wawili walitumia tikiti ngapi hiyo siku?	60
Jumatatu, Walt alitembea maili 4. Jumanne, alitembea mara 6 zaidi ya maili alizotembea Jumatatu. Jumla ya maili alizotembea Jumatatu hadi Jumatano zilikuwa maili 41. Alitembea maili ngapi siku ya Jumatano?	13
Tom huoshewa gari mara 4 kwa mwezi. Ikiwa kila akioshewa gari yeye hulipa $15, huwa analipa pesa ngapi kwa mwaka kuoshewa gari?	720
Bobby rafikiye Brian ana michezo ya video ambayo ni kidogo na 5 kwa mara 3 ya michezo ya video ya Brian. Ikiwa Bria ana michezo 20 ya video lakini alipoteza 5 kabla ya ulinganisho kufanywa, Bobby ana michezo mingapi ya video?	40
Kuna vifarasi 27 waliosalia duniani. Theluthi moja yao wapo katika Nyanda za Juu za Uskoti. Theluthi mbili ya vifaransi wa Uskoti ni wa kike. Kuna vifarasi wangapi wa kike wa Uskoti?	6
Rory ameagiza apelekewe sandwichi 2 kwa $7.50 kila moja, mifuko 2 ya chipsi kwa $1.50 kila moja na biskuti 2 kwa $1.00 kila moja. Kuna ada ya uwasilishaji ya 20% iliyoongezwa wakati wa malipo na anataka kuongeza bahshishi ya $5.00. Jumla ya gharama yake itakuwa pesa ngapi?	29
Mark alifanya zoezi jana lenye maswali 75. Alikamilisha zoezi hilo kwa kiwango cha maswali 5 kwa saa. Leo, alifanya zoezi lingine lenye maswali 100 kwa kiwango hicho. Ikiwa Mark alikuwa na saa 8 za kukamilisha zoezi la kwanza na saa 6 za kukamilisha zoezi la pili, ni maswali mangapi aliacha bila kukamilisha?	105
Katika mashine ya pipi, kuna pipi za pinki 22 zaidi ya mara nne ya pipi za buluu. Ikiwa kuna pipi 12 za buluu, kuna pipi ngapi za pinki?	70
Kati ya magari 20 yanayopatikana kukodiwa, 12 ni magari ya otomatiki, 4 ni magari ya mkono, na yaliyosalia ni otomatiki kiasi. Asilimia ngapi ya magari hayo ni ya magari ambayo ni otomatiki kiasi?	20
Kuna nyuki 700 katika mzinga wa nyuki. Idadi ya nyuki wa kufanya kazi ni mara mbili zaidi ya nyuki watoto, na idadi ya nyuki watoto ni mara tatu zaidi ya nyuki malkia. Kuna nyuki wangapi wa kufanya kazi?	400
Jordan hucheza michezo ya video saa 2 kila siku. Pia ana kazi ya muda ambapo huwa analipwa $10 kwa saa. Jordan atapata pesa ngapi kwa wiki moja iwapo angetumia muda wake wa mchezo wa video kufanya kazi?	140
John hununua maziwa kwa dola 2, mayai kwa dola 3, balbu za mataa kwa dola 3, vikombe kwa dola 3, na mitego ya mende kwa dola 4. Ikiwa kuna 10% ya ushuru kwa bidhaa zote zisizo za chakula, jumla ya gharama ilikuwa ngapi.	16
Kim ameanza biashara yake ya kunadhifisha nyumba na anapiga hesabu ya faida atapata kutoka kwa wateja. Tayari ana wateja 3, lakini anaongea na wengine 5 na anahisi ujasiri wa kutosha wa kuwaongeza katika hesabu zake. Nyumba ya kila mteja itahitaji chupa 2 za klorini na kifurushi kimoja cha vitambaa vya kupangusa. Chupa za klorini ni $2 kwa kila moja na vifurushi vya vitambaa vitagharimu $5 kila kimoja. Hizi ndizo gharama zake pekee za matumizi. Anapiga hesabu kuwa jumla ya mapato yake kwa wiki itakuwa $92. Faida ni tofauti kati ya jumla ya mapato na jumla ya gharama ya matumizi, hivyo ni faida ya kiasi gani, katika dola, Kim atapata kiwa wiki?	20
John ana hekta 10 za shamba la nanasi. Kuna mananasi 100 kwa kila hekta. John anaweza kuvuna mananasi yake baada ya kila miezi 3. John anaweza kuvuna mananasi ngapi kwa mwaka?	4000
Johnny anaokota wanasesere kwenye sakafu ya chumba chake. Alikuwa ametupa boksi la lego lenye vipande 500 kwenye sakafu, na lingine lililokuwa na vipande mara 3 zaidi ya lile lenye vipande 500, na lingine lililokuwa na 1/4 ya idadi ya vipande. Johnny ataokota vipande vingapi iwapo ataokota lego zote?	2,125
Debra anafuatilia mzinga wa nyuki ili kuona ni nyuki wangapi huingia na kutoka kwa siku. Huwa anaona nyuki 30 wakiondoka kwenye mzinga katika saa 6 za kwanza, na kisha kuona 1/2 ya idadi hio ya nyuki wakirejea katika saa 6 zinazofuata. Anaona mara mbili zaidi ya nyuki aliowaona wakiondoka mara ya kwanza wakiruka wakitoka kwenye mzinga na kutoka katika saa 6 zinazofuata. Kisha kila nyuki aliyeondoka kabla ya hapo anarudi katika saa 6 zinazofuata. Debra aliona nyuki wangapi wakirudi kwenye mzinga katika saa 6 za mwisho za siku?	75
Brittany na mamake wanaenda kwenye makavazi. Gharama ya kuingia ni $12 kwa watu wazima na $10 kwa watoto. Mamake Brittany analipa pesa ya tiketi ya mtoto 1 na tiketi ya mtu mzima 1. Ikiwa alirudushiwa $8, ni pesa ngapi, katika dola, alikuwa amelipa?	30
Charlie marafiki mara tatu zaidi ya marafiki wa Dorothy kwenye Facebook. James ana marafiki mara nne zaidi ya marafiki wa Dorothy kwenye Facebook. Iwapo Charlie ana marafiki 12 kwenye Facebook, James ana marafiki wangapi kwenye Facebook?	16
Steve na Tim wameamua kuona anayeweza kufika nyumbani haraka zaidi kutoka shuleni. Steve anaishi mbali zaidi ya Tim, hivyo ameruhusiwa kuendesha baiskeli yake. Steve anaishi maili 3 kutoka shuleni na anaweza kuendesha baiskeli kwa kasi ya futi 440 kwa dakika. Tim anaishi maili 2 mbali na shule. Iwapo Tim anaweza kutumia ubao wake wa kuteleza kwa kasi ya futi 264 kwa dakika, mshindi atasubiri kwa muda gani nyumbani kabla ya aliyeshindwa kufika nyumbani kwao?	4
Shawnda ameamua kuwa watoto wa mtaa wake wanaweza kwa kweli kutumia huduma ya kuongeza pumzi kwa baiskeli. Anaamua njia bora ya kutoza ni kwa kila tairi. Kila tairi hugharimi senti 25 kuongeza pumzi. Siku ya kwanza, watu 5 kwenye baiskeli walikuja ili kuongezewa pumzi kwenye tairi zao zote mbili kila mmoja. Watu 3 walikuja ili kuongeza pumzi kwenye tairi zao tatu kila mmoja. Hatimaye, mtu mmoja alikuja kwa baiskeli yenye tairi moja. Alipata dola ngapi hiyo siku?	5
Carl ananunua vifurushi kumi vya biskuti. Kila kifurushi cha biskuti kina biskuti sita ndani yake. Kila biskuti inagharimu $0.10. Carl atarudushiwa pesa ngapi iwapo atalipa kwa kutumia noti ya $10?	4
Dave alinunua kifurushi kikubwa cha chipsi na akala kumi na nne kabla ya shakwe aliye na njaa kuiba kifurushi hicho kutoka kwa mkono wake. Shakwe huyo alipotua, aligooka nusu ya chipsi ambazo Dave alikuwa amekula. Kisha njiwa watatu wakamfurusha kutoka kwa chakula hicho, na kila njiwa akala chipsi tatu. Baadaye, rakuni aliiba theluthi mbili ya chipsi zilizosalia. Siafu wakabeba chipsi ya mwisho, na kuacha tano nyuma. Kulikuwa na chipsi ngapi katika kifurushi hicho wakati Dave alikinunua?	48
Siku za Jumatatu, Jumatano, na Ijumaa, Kimo mwanafunzi wa chuo huwa na masomo matatu ya saa 1 kila siku. Siku za Jumanne na Alhamisi, huwa ana masomo mawili ya saa 2 kila siku. Katika muhula moja, kuna wiki 16 za shule. Katika muhula moja, Kimo huwa anatumia saa ngapi kuhudhuria masomo?	272
Bill huoka skonzi 300, kroisanti 120 za chokoleti, na bageti 60 kila siku. Kila skonzi ina urefu wa inchi 4, kila kroisanti ina urefu wa inchi 6, na kila bageti ina urefu wa futi mbili. Bill akiunganisha bidhaa hizo zote kwa mstari moja, mstari huo utakuwa na urefu wa futi ngapi?	280
Mtunzaji wa bustani la wanyama hulisha nyani wote katika bustani hilo. Anaagiza ndizi zote kutoka kwa shamba la eneo hilo kila baada ya miezi 2. Iwapo tumbili wanahitaji ndizi 200, sokwe wanahitaji ndizi 400, na sokwe mtu wanahitaji ndizi 100 kila mwezi, anahitaji kuagiza ndizi ngapi za kudumu kwa miezi 2?	1400
Blake na Kelly wanashindana ili anayeweza kukimbia zaidi kwa dakika 15. Wameamua kushindana katika uwanja wa kandanda ulio na urefu wa yadi 100. Blake anakimbia kwenda na kurudi mara 15. Kelly anakimbia kwenda na kurudi mara moja, na kisha anaamua kuwa hataki kukimbia kando ya Blake, hivyo anaanza kukimbia kwenda kwa mstari wa yadi 40 kwenda na kurudi. Anafanya hii mara 34. Mshindi alikimbia umbali gani zaidi ya aliyeshindwa?	80
Raphael alienda kununua baadhi ya vifaa vya shule. Alinunua kalamu 4 kwa bei ya $1.5 kila moja, vitabu 2 vya kuandikia kwa bei ya $4 kila kimoja, na mrundo wa karatasi kwa bei ya $20. Raphael alitumia pesa ngapi kwa kila kitu?	34
Finn anatazama watoto 11 wa chura wakiogelea katika kidimbwi. Ghafla anaona 6 wakitoka mafichoni chini ya yungiyungi, na kisha 2 kati yao wanajificha chini ya mwamba. Finn kwa sasa anaweza kuona watoto wangapi wa chura kwenye kidimbwi?	15
Tangi ya maji ina kina cha futi 17 Jumatatu. Jumanne, tangi hiyo ina futi 7 zaidi ya maji. Jumatano, kina cha maji ni theluthi mbili ya kina kilichokuwepo Jumanne. Kina cha maji katika tangi hiyo ni ngapi siku ya Jumatanno?	16
Anakin na Locsin walienda kwenye ufuo leo. Anakin alishika pweza 10, farasi-maji 6, na juhabahari 3. Huku Locsin alishika pweza 5 chache zaidi ya wa Anakin, farasi-maji 3 chache zaidi ya wa Anakin, na juhubahari 2 zaidi ya wa Anakin. Wote wawili waliweza kushika samaki wangapi kwa jumla?	32
Ikiwa bei mfuko wa marumaru ni $20 na bei hiyo huongezeka na 20% ya bei ya asili kila baada ya miezi miwili, bei ya mfuko wa marumaru itakuwa ngapi baada ya miezi 36?	92
Katika chumba, kuna vifaa mbalimbali vya kuchezea: magari 5 mekundu, vifaa 3 vya vita, na mwanasesere. Gharama ya mwanasesere mmoja ni sawa na ya vifaa 3 vya vita na gari moja jekundu ni $4. Gharama ya vifaa vyote vya kuchezea ni ngapi, ikiwa kifaa kimoja cha vita kinagharimu $5?	50
Jackie anajaribu kuamua kama atajifanyia ushuru wake yeye mwenyewe au amtafute mhasibu. Akijifanyia ushuru yeye mwenyewe, ataweza kufanya saa 3 chache za kazi yake ya huria, na kupoteza mapato ya $35 kila saa. Mhasibu anamtoza $90. Ataokoa pesa ngapi iwapo atampa mhasibu kazi hiyo?	15
Kwa ajili ya siku yake ya kuzaliwa ya 30, Elvira alichagua kompyuta mpya iliyo na vifaa zaidi kama zawadi. Ana bajeti ya yuro 1500 aliyochangiwa na familia yake nzima na anadhani kuwa ataweza kubakisha pesa kiasi ya kununua nguo. Anaenda kwenye duka la kompyuta na kuchagua mashine inayogharimu yuro 1090 iliyo na skrini, kibodi na kipanya. Pia anachukua kitambazi kwa yuro 157, kichapishaji cha santuri kwa yuro 74 na kichapishaji kwa yuro 102. Atakuwa amesalia na pesa ngapi za kununua nguo yake?	77
Jirani wa Sandra humpa kikapu cha mayai 9 kila mara akiwa yaya wa binti wao. Ili kuandaa keki ya Kihispania, anahitaji mayai 3. Ikiwa Sandra amepewa kazi ya kuandaa keki 15 za Kihispania kwa ajili ya uchangishaji wa fedha katika shule yake, Sandra atahitaji kufanya uyaya mara ngapi?	5
Umri wa Seth ni mara mbili zaidi ya umri wa Brooke. Baada ya miaka 2, jumla ya umri wao utakuwa 28. Seth ana miaka mingapi?	16
Jimmy ana $2 zaidi ya mara mbili ya pesa za Ethel. Iwapo Ethel ana $8, Jimmy ana pesa ngapi?	18
Pancho hutembea maili 20 kwa siku. Isipokuwa siku za wikendi ambapo huwa anatembea maili 10. Huwa anatembea maili ngapi kwa jumla kwa wiki?	120
Bendi ya wanaojipanga inaagiza sare mpya. Kila sare huja na kofia ambayo bei yake ni $25, jaketi ambayo bei yake ni mara tatu zaidi ya bei ya kofia, na suruali ambayo bei yake ni wastani ya bei ya kofia na jaketi. Bei ya kila sare kwa jumla ni pesa ngapi?	150
Jake anatembea kwenye Jumba la Makumbusho ya Entomolojia. Anaona buibui 80 walio na miguu 8 kila moja, wadudu 90 walio na miguu 6 kila moja, na wanyama 3 wasio wa kawaida ambao wana miguu 10 kila mmoja. Jake anaona miguu mingapi kwa jumla?	1210
Kuna ndege wanne katika Caboose. Sally Two ana umri wa miaka mitatu zaidi ya Granny Red. Umri wa Granny Red ni mara mbili zaidi ya umri wa Sally Four. Ikiwa Sally Four ana umri sawa na Sally Thirtytwo, na Sally Thirtytwo ana umri wa miaka 8, jumla ya umri wa ndege hawa wanne ni ngapi?	51
Jessica anajaribu kuwaza kiasi cha kulipa madeni yake yote kila mwezi. Mikopo yake ya mwanafunzi ina kiwango cha chini zaidi cha kulipa ambacho ni $300 kila mwezi, kiwango cha chini zaidi cha kadi zake za mikopo ni $200 kila mwezi, na kiwango cha chini zaidi cha malipo yake ya nyumba ni $500 kila mwezi. Iwapo Jessica anataka kulipa 50% zaidi ya kiwango cha chini zaidi, huwa analipa pesa ngapi kwa mwaka?	18000
Billy anamenya na kukata viazi akiwa anajiandaa kutengeneza saladi ya viazi kwa ajili ya nyama choma ya mkutano wa familia yake kubwa. Ni tukio kubwa, hivyo ana viazi 60 vya kushughulikia. Viazi vina ukubwa ambao takriban unatoshana, hivyo inachukua karibu muda swa kumenya na kukata kila kimoja. Inamchukua Billy dakika moja na nusu kumenya viazi, lakini sekunde 5 pekee kukikata. Itamchukua Billy muda gani kukamilisha kuandaa viazi hivyo?	95
Juan na Carlos kaka yake wanauza maji ya limau. Kwa kila galoni ambayo wanatengeneza huwa inawagharimu $3 ya limau na $2 ya sukari. Wanauza kila glesi kwa $0.50 na galoni moja huwa imebeba glesi 20. Iwapo walipata faida ya $25, walitumia pesa ngapi kununua limanu?	15
Katika mbio iliyo na Waasia 240, 80 walikuwa Wajapani, na waliosalia walikuwa Wachina. Ikiwa idadi ya wavulana kwenye timu ya Wachina ilikuwa 60, wasichana wangapi walikuwa katika timu ya Wachina?	100
Zaid hutumia 1/4 ya mshahara wake kulipa kodi ya nyumba, 1/3 kununua mafuta ya gari na kuchagia nusu kiwango kilichosalia kwa hisa anayopendelea zaidi. Huwa anampa binti yake $200 ili atumie kwenye matumizi ya kila wiki na kupatia mke wake $700 kununua nayo mboga na bidhaa nyingine za nyumba. Ikiwa Zaid analipwa $6000 kila mwezi, bado atakuwa amesalia na pesa ngapi baada ya matumizi yote na michango yote?	350
Rani ana kaa kumi zaidi ya Monic, ambaye ana kaa 4 chache zaidi ya kaa wa Bo. Iwapo Bo ana kaa 40, piga hesabu ya jumla ya kaa ambao watu hao watatu nako nao.	122
Lloyd hupata $10 kwa saa anapofunza mtu Hisabati. Wiki ya kwanza alifunza kwa saa 5 na wiki ya pili akafunza kwa saa 8. Alipata pesa ngapi kwa wiki mbili za kwanza?	130
Wagombea wawili wanagombea mwakilishi wa darasa katika shule ya Sarai. Iwapo mshindi alipata 3/4 ya kura na jumla ya idadi ya wanafunzi waliopiga kura katika darasa hilo ilikuwa 80, piga hesabu ya idadi ya kura ambazo yule aliyeshindwa alipata.	20
Sandra, muuza maua anayepatikana karibu, hajafurahia jinsi ambavyo Fred hakukamilisha uwasilishaji wa agizo. Sandra alikuwa ameagiza waridi mwekundu mara nne zaidi ya maua meupe. Pia aliagiza yungiyungi 200 za pinki, ambazo zilikuwa mara tano zaidi ya idadi ya maua meupe. Sandra ametishia kubadilisha wasambazaji iwapo waridi mwekundu ambao haupo hautawasilishia kufikia saa 11 jioni. Ili kudumisha biashara ya Sandra, ni lazima Fred awasilishe waridi mwekundu ngapi kabla ya saa 11 jioni?	160
Jean ana umri wa miaka miwili zaidi ya Mark. Miaka miwili iliyopita Mark alikuwa na umri wa miaka 5 zaidi ya nusu ya umri wa Jan. Ikiwa Jan ana umri wa miaka 30, Jean ana miaka mingapi?	23
Timu mbili za mbio za uwanjani zinashindana na kila moja katika mbio za kupokezana kijiti za 4 kwa mita 400; mbio ambapo kila timu inayoshindana ina wanachama wanne ambao kila mmoja anakimbia mita 400, au kuzunguka mara moja, kwenye uwanja kamili. Mojawapo kati ya timu hizo mbili ina wakimbiaji wazuri na kila mmoja wao atakimbia mkondo wao wa mita 400 kwa sekunde 55. Timu hiyo nyingine haina wakimbiaji wazuri vile; mkimbiaji wao wa kwanza atakimbia mkondo wao wa mita 400 kwa sekunde 60 kisha kila mkimbiaji anayefuata atakuwa na kasi ya sekunde 3 zaidi ya aliyemtangulia. Kwa kutumia maelezo haya, timu iliyo na mbio ya haraka zaidi itashinda kwa sekunde ngapi?	2
Jerry anacheza dadu yenye pande sita. Ana uwezekano mgani mkubwa zaidi (katika asilimia) kuwa atabingirisha nambari kubwa kwa 3 zaidi ya kubingirisha nambari mbili za zushfwa mara mbili mfululizo?	25
Jenna na mamake waliokota tufaha kutoka kwa shamba lao la tufaha. Jenna aliokota nusu ya tufaha ambazo mamake aliokota. Ikiwa mamake alipata tufaha 20, wote wawili waliokota tufaha ngapi?	30
Russel anafanya kazi katika duka la wanyama wapenzi na anasambaza mirija miongoni mwa wanyama wagugunaji. Panya wamewekwa katika mabanda 3 katika vikundi vinavyotoshana na kila panya amepewa vipande 6 vya mrija. Kuna mabanda 10 ya buku ambao wamewekwa pekee yao na kila buku anapewa mirija 5. Pia kuna kundi la sungura ambapo vipande 20 vya mrija vimegawanywa miongoni mwa sungura. Hakuna mrija uliotumika kwingine tena katika duka. Iwapo vipanade 160 vya mrija vilikuwa vimesambazwa miongoni mwa wanyama wagugumizi, kuna panya wangapi katika kila banda?	5
Mendy anadaiwa $100 na Benedict. Wamekubali kuwa na riba ya kila mwezi ya 2%. Ikiwa Mendy aliweza kulipa baada ya miezi 3, anafaa kumpa Benedict pesa ngapi?	106
Muuzaji ananunua mifuko ya unga ngano kutoka kwa mkulima kwa kiwango cha $20 kwa kila mfuko. Ikiwa gharama ya kusafirisha kila mfuko kutoka shambani mpaka kwenye ghala ni $2, na muuzaji alipata faida ya jumla ya $400 baada ya kuuza mifuko yote kwa bei ya $30 kila mfuko, aliuza mifuko mingapi?	50
Marafiki watatu walitumia $20.25 kununua tikiti 3 za onesho. Pia walinunua chakula na bei ya tikiti ilikuwa imeshinda bei ya chakula na $4.50. Pia walienda kwenye safari 2 tofauti kwa bei ya $33 kwa kila safari. Ikiwa walikubali kugawanya gharama zote kwa usawa, kila mmoja wao alilipa pesa ngapi?	34
John anakusanya pichi kwa saa 3. Anaweza kukusanya pichi 2 kwa dakika moja. Atakusanya pichi ngapi kwa jumla?	360
Bata wanahitaji kula pauni 3.5 za wadudu kila wiki ili kuweza kuishi. Ikiwa kuna kundi la bata kumi, huwa wanakula pauni ngapi za wadudu kwa jumla kwa siku?	5
Tom hupanda miti 10 kila mwaka. Kila mwaka pia huwa anakata miti 2. Anaanza na miti 50. Baada ya miaka 10 30% ya miti inakufa. Amesalia na miti mingapi?	91
Sue anaishi katika mtaa wenye burudani. Wikendi moja, majirani waliamua kumfanyia Sue mzaha. Ijumaa asubuhi, majirani waliweka famingo 18 pinki wa plastiki kwenye bustani la mbele la Sue. Jumamosi asubuhi, majirani waliondoa thuluthi moja ya flamingo, wakawapaka rangi nyeupe, na kisha wakarudisha flamingo hawa waliopakwa kwenye bustani la mbele la Sue. Kisha, Jumapili asubuhi, waliongeza flamingo wengine 18 wa pinki wa plastiki kwenye mkusanyiko huo. Adhuhuri Jumapili, kulikuwa na flamingo ngapi wa pinki zaidi ya wa rangi nyeupe?	24
Violetta anataka kununua krayoni mpya. Anahitaji ziwe za rangi 5 tofauti na akawa tayari na $20 kufanya ununuzi huu. Bei ya krayoni moja ni $2. Atarudishiwa salio la pesa ngapi?	10
Bei ya kalamu ni sawa na jumla ya bei ya penseli na bei ya kifutio. Bei ya penseli ni $1.20 na bei ya kifutio ni $0.30. Kalamu 8 zitakuwa pesa ngapi?	12
Pauni 200 za karoti zinafaa kusambazwa kwa mikahawa 40 katika jiji fulani. Kila mkahawa unafaa kupokea pauni 2 za karoti. Pauni ngapi za karoti hazitatumika?	120
Katika jiji la Soda, kuna wakazi 23786. Wanajumuisha wanaume 8417 na wanawake 9092. Watu wengine waliosalia ni watoto. Kuna watoto wangapi katika jiji la Soda?	6277
Elaine awali alikuwa na kadi 20 za Pokemon. Baada ya mwezi, alikusanya mara tatu zaidi ya idadi hiyo. Katika mwezi wa pili, kadi alizokusanya zilikuwa chache kwa kadi alizokusanya mwezi wa kwanza na 20. Mwezi wa tatu, alikusanya mara mbili ya jumla ya kadi za pokemon alizokusanya mwezi wa kwanza na wa pili. Kwa sasa ana jumla ya kadi ngapi za pokemon?	320
Mark ni mhariri wa nakala. Anahariri idadi inayotoshana ya sentensi kila wiki kwa ajili ya wachapishaji wawili tofauti, ambao kila mmoja anamlipa kwa kiwango tofauti kwa kila sentensi. Mchapishaji B anamlipa Mark mara mbili ya kile Mchapishaji A humlipa. Mark anahariri jumla ya sentensi 1000 kila wiki, na Publisher A humlipa senti 5 kwa kila sentensi. Mark hutengeneza pesa ngapi kwa wiki, kwa senti?	7500
Baldur hupata maji kutoka kwa kisima. Huwa anateka ndoo 5 za maji kila asubuhi na ndoo 6 za maji kila alasiri. Ikiwa kila ndoo ina lita 5 za maji, huwa anapata lita ngapi za maji kila siku?	55
John anashinda tuzo kazini. Tuzo hiyo ina zawadi ya pesa ya mara 1 ya $5000 na kuongezwa mshahara kwa 5%. Ikiwa mshahara wake wa kila wiki ni 2000 na alipata tuzo siku ya kwanza ya mwaka, alitengeneza pesa ngapi kwa jumla mwaka huo?	114,200
Josie anapanda zabibu kwenye shamba lake la ekari 10. Kila ekari huzalisha tani 5 za zabibu kila mwaka, na kila tani ya zabibu hutengeneza mitungi 2 ya divai. Shamba lake huzalisha mitungi mingapi ya mvinyo kwa mwaka?	100
Chakula ambacho Carl anapenda zaidi ni jibini. Alikula sandwichi kila siku wiki hii wakati wa chakula cha mchana na kutumia slaisi 2 za jibini kwenye kila sandwichi. Alikula jibini na omleti za mayai wakati wa staftahi siku 3 katika wiki hiyo na omleti moja ilikuwa na slaisi moja zaidi ya jibini kuliko katika sandwichi yake. Aliandaa mlo mkubwa wa makaroni na jibini wa kumtoshea chajio kadhaa kwa wiki hiyo na akatumia slaisi 8 za jibini kwenye mlo huo. Alitumia slaisi ngapi za jibini kwa jumla?	31
Janet alikuwa na kalamu 22 za kijani na kalamu 10 za manjano. Kisha alinunua mifuko 6 ya kalamu za buluu na mifuko 2 ya kalamu nyekundu. Kulikuwa na kalamu 9 katika kila mfuko wa buluu na kalamu 6 katika kila mfuko wa kalamu nyekundu. Sasa Janet ana kalamu ngapi kwa jumla?	98
Brinley yupo katika darasa la hisabati la Mr. Bert. Mr. Bert hupeana mazoezi sita kila muhula. Huwa anawaruhusu wanafunzi kuondoa alama ya chini zaidi kwenye wastani wa matokeo kila muhula. Ikiwa Brinley ana alama za 89, 71, 92, 100 na 86 kwa mazoezi matano ya kwanza, anahitaji kupata alama ngapi katika zoezi la sita ili awe na wastani wa 93?	98
Micheal anapenda kuendesha baiskeli. Aliiendesha angalau mara 5 kwa wiki na kwenda umbali wa kilomita 25 mila mara. Alifanya hiyo kwa wiki nne, na kisha akaamua kuendesha baiskeli mara 2 pekee kwa wiki, lakini kwa kilomita 60 kila mara, na alifanya hiyo kwa wiki 3. Micheal alifanya kilomita ngapi kwa jumla?	860
Mfuko wa Joe wa pipi za Halloween una pipi 25 za chokoleti na pipi 80 za tufaha. Kila pipi ya chokoleti ina uzani wa mara mbili zaidi ya pipi ya tufaha. Ikiwa kila pipi ya chokoleti ina uzani wa gramu 40, mfuko wa Joe wa pipi una uzani gani kwa jumla, katika gramu?	2600
Rose alienda kwa duka Jumatatu na akanunua keki 4. Jumanne alienda kwa duka tofauti akanunua mara tatu ya keki alizonunua Jumatatu. Jumatano alienda kwa duka lingine na akanunua mara 5 zaidi ya keki alizonunua Jumanne. Alinunua keki ngapi kwa jumla kwa siku hizo tatu?	76
Bei ya dazeni ishirini za vikombe ni $1200 kidogo kwa jumla ya gharama ya nusu dazeni ya sahani zinazouzwa $6000 kila moja. Piga hesabu ya jumla ya bei ya kila kikombe.	145
Sara anataka kujinunulia jaketi mpya na jozi 2 za viatu. Jaketi anayotaka ni $30 na kila jozi ya viatu ni $20. Sara huwaangalia watoto wa jirani yake mara 4, na kupata $5 kila mara anapowaangalia. Wazazi wake humlipa $4 kila mara akifyeka nyasi. Ikiwa Sara tayari alikuwa nakiba ya $10 kabla ya kuanza kuwaangalia watoto wa jirani, ni mara ngapi atahitaji kufyeka nyasi kabla ya kuweza kumudu bei ya jaketi na viatu?	10
Jerry ana kundi la kuku. Kuku wekundu huzalisha mayai 3 kwa siku, na kuku weupe huzalisha mayai 5 kwa siku. Kila siku Jerry hukusanya mayai 42. Ikiwa ana kuku weupe wawili zaidi ya wekundu, ana kuku wekundu wangapi?	4
Gary anapenda kutembea kwenye ukingo wa mbuga wa ndani, ambao una umbo la mstatili na vipimo vyake ni maili 1.5 kwa maili 6. Ikiwa huwa anatembea maili 3 kwa saa, huwa anatumia saa ngapi kutembea?	5
Akiwa katika duka la dola, Sloane anahesabu wateja 100 wakiingia kwenye duka hilo. Siku inayofuata, anahesabu wateja 50 zaidi ya walioingia siku ya kwanza. Ikiwa jumla ya idadi ya wateja kufikia siku ya tatu ilikuwa 500, alihesabu wateja wangapi siku ya tatu?	250
Jerry ana vidimbwi viwili, vyote vina sehemu zinazovuja maji kwa kiwango cha mitungi 4 kwa dakika. Dakika 4 zilizopita, kidimbwi kikubwa kilikuwa na mara mbili zaidi ya idadi ya maji katika kidimbwi kidogo. Sasa kidimbwi kikubwa kina mara nne zaidi ya maji katika kidimbwi kidogo. Kidimbwi kidogo kina maji kiasi gani kwa sasa?	8
Lori anataka kununua jozi la kiatu kwa $320.00 na mshipi unaoendana nacho kwa $32.00. Kazi yake ya muda humlipa $8.00 kwa saa. Atahitaji kufanya kazi kwa saa ngapi kabla ya kuweza kufanya ununuzi?	44
Janeth alikopesha $2000 na akaahidi kurudisha na ziada ya 10% ya kiwango hicho. Ikiwa atakuwa akilipa $165 kila mwezi kwa miezi 12, salio la Janeth linalosalia kufikia wakati huo litakuwa ngapi?	220
Kuna waridi 4 katika chombo cha kuwekea maua. Kuna dalia 7 zaidi ya waridi katika chombo hicho. Kuna maua mangapi kwa jumla katika chombo hicho cha mua?	15
Umri wa Adrian ni mara tatu zaidi ya umri wa Harriet, na umri wa Harriet ni nusu ya umri wa Zack. Piga hesabu ya umri wa wastani wa wote watatu baada ya miaka mitatu iwapo umri wa Harriet wa sasa ni miaka 21.	45
Wanafunzi wanne walipata jumla ya alama 251 katika mchezo wa ubao. Naomi alipata alama 68 kati ya hizo. Yuri alipata alama 10 zaidi ya nusu ya alama za Naomi na Brianna alipata alama 17 zaidi ya Naomi. Jojo alipata alama ngapi?	54
Huwa inamchukua Carmen dakika 10 kukamilisha fumbo la maneno panda na dakika 5 kukamilisha fumbo la sudoku. Wikeni alitatua mafumbo 3 ya maneno panda na mafumbo 8 ya sudoku. Alitumia muda gani kwa jumla kucheza michezo hii?	70
Tangi ya maji imejazwa na lita 120 ya maji. Celine alitumia lita 90 ya maji kutoka kwa tangi hiyo kunyunyuzia shamba lake. Kisha aliweza kuteka maji ya mvua ambayo ni mara mbili zaidi ya maji ambayo yalikuwa yamesalia. Kwa sasa kuna lita ngapi za maji kwenye tangi hiyo?	90
Andy amepanda jeraniamu 90 na zambarau 40 chache zaidi ya jeraniamu. Amepanda maua mangapi kwa jumla?	140
Kampuni hutumia $15000 kwenye matangazo kwa mwaka, na kisha kutumia thuluthi moja ya kiwango hicho kwenye matangazo ya mwaka mwingine. Jumla ya kiwango cha pesa ambazo kampuni hiyo ilitumia kufanya matangazo miaka hiyo miwili ni ngapi?	20000
Carlos na Benji wapo kwenye ufuo. Carlos anakodisha mashua kwa $30 kila saa na Benji anakodisha mashua ya ndizi kwa $18 kila saa. Carlos akitumia mashua yake kwa saa 3 na Benji akatumia yake kwa saa 5, wote wawili watalipa jumla ya pesa ngapi?	180
Andrew anapanga safari kutoka New Jersey kwenda Rochester. Huwa inachukua siku 6 kusafiri kwa basi na nusu ya siku hizo kusafiri kwa gari kutoka New Jersey kwenda Rochester.Atasafiri kwa siku ngapi ikiwa anapanga kwenda Rochester kwa basi na kurudi kutoka Rochester kwa gari?	9
James anahesabu kadi zake za Pokemon. Ana aina 30 za moto, aina 20 za nyasi, na aina 40 za maji. Akipoteza aina 8 za maji na kununua aina 14 za nyasi, asilimia ya nafasi ya kuokota kinasibu kadi ya aina ya maji itakuwa ngapi (ikiwa katika nambari kamili ya karibu)?	33
Chad aliagiza barito ya kujijengea wakati wa chakula cha mchana. Barito ya sehemu ya chini ni $6.50. Anaongeza nyama ya ziada kwa $2.00, jibini ya ziada kwa $1.00, parachichi ya $1.00 na sosi 2 za $0.25 kila moja. Kisha anaamua kuboresha mlo wake kwa $3.00 zaidi ya kuongeza chipsi na kinywaji. Aka kadi ya zawadi ya $5.00 ambayo anatumia kulipa. Bado anadaiwa pesa ngapi?	9
Kalinda anashughulikia fumbo la vipande 360 pamoja na mamake. Kawaida Kalinda anaweza kuongeza vipande 4 kwa dakika. Mamake kimsingi anaweza kuweza nusu ya vipande ambavyo Kalinda anaweza kuweka kwa dakika. Itawachukua saa ngapi kukamilisha fumbo hilo?	1
Shamba la tikitimaji lilizalisha tikitimaji 120. Ashlyn alienda kwenye shamba hilo baada ya miezi miwili na kupata kuwa 30% ya tikitimaji hizo zilikuwa tayari kuvunwa, hivyo alizivuna akarudi nazo nyumbani. Aliporudi tena wiki mbili baadaye, 3/4 ya tikitimaji zilizokuwa zimesalia zilikuwa tayari, hivyo alizivuna. Tikitimaji ngapi hazikuwa tayari kuvunwa baada ya wiki hizo mbili?	21
Mark ananunua magari 12 katika kampuni yake. Kila gari linauzwa kwa $20,000. Analipa ushuru wa 10% wa magari hayo na kisha $1000 ya usajili kwa kila moja yao. Jumla ya pesa alizolipia kila kitu ni ngapi?	276,000
Kylie na Robert wanafurahia kwenda kwenye ufuo kukusanya kombe. Jumatatu, Kylie anakusanya kombe 5 zaidi ya Robert, aliyekusanya kombe 20. Jumanne, Kylie anakusanya kombe mara 2 zaidi ya alizokusanya Jumatatu. Kylie alikusanya kombe ngapi siku ya Jumanne?	50
Dax alienda katika shamba lao kuokota tufaha na chungu ambao ni nusu ya idadi ya siafu katika shamba. Ikiwa kulikuwa na siafu 50, piga hesabu ya wadudu wote kwa jumla katika shamba hilo.	75
Kuna pengwini 36 wanaoota jua katika theluji. Theluthi moja yao wanaruka na kuogelea katika bahari. Theluthi nyingine moja wanaingia kwenye pango kula chakula chao cha usiku. Pengwini wangapi wamesalia bado wakiota jua?	12
Steve anaamua kuanza kula nyanya nyingi na anaamua kupanda nyanya zake. Huwa anakula mara mbili zaidi ya mchumba wake. Huwa anakula 6 kwa siku. Ikiwa mnyanya mmoja unaweza kuzalisha nyanya 3 kwa wiki, anahitaji miti mingapi ya nyanya?	21
John anaagiza pizza za kushiriki na marafiki zake. Kuna marafiki 20 kwa jumla, na John anahitaji kuhakikisha kila mmoja anaweza kupata vipande 4. Pizza zinauzwa zikiwa na vipande 8 pekee. John anahitaji kuagiza Pizza ngapi?	10
Ram hutumia kalamu nyingi. Aligundua kuwa anaweza kuokoa pesa kwa kuchanganya wino kutoka kwa kalamu tano zilizo tupu ili kutengeneza kalamu moja. Akinunua kalamu 25 na kisha akazitumia kutengeneza kalamu mpya wino ukipungua, atakuwa na kalamu ngapi kwa jumla?	31
Johnny alichukua marupurupu yake ya $20 na kuongeza $10 ya ziada. Kisha akawekeza jumla ya pesa hii, ambayo iliongezeka mara tatu baada ya mwaka. Alikuwa na pesa ngapi baada ya mwaka moja?	90
Mary ni mdogo kwa Joan kwa miaka miwili, Joan amemshinda Jessa na miaka mitano. Iwapo Jessa ana miaka 20, jumla ya umri wa wasichana hawa watatu ni ngapi?	68
Idadi ya wanafunzi katika ukumbi wa shule ilikuwa 1000. Ukumbi huo ulikuwa na milango 3 ambayo ni A, B, na C ambayo ilitumika kuingia na kutoka. Ikiwa baada ya mkutano 30% ya wanafunzi waliondoka kwenye jengo hilo kupitia mlango wa A, 3/5 ya waliosalia waliondokea mlango wa B, na wengine waliosalia waliondokea mlango wa C, piga hesabu ya wanafunzi waliondokea mlango wa C.	280
James pipi 6 zaidi ya Robert. John ana pipi mara mbili zaidi ya za Robert. Ikiwa John ana pipi 54, John ana pipi ngapi zaidi ya James?	21
Dolly ana vitabu viwili. Pandora ana kimoja. Ikiwa Dolly na Pandora husoma vitabu vya mwenzao pamoja na vyao, wote wawili watakuwa wamesoma vitabu vingapi mwishoni?	6
Mike alikuwa rafiki ya watu 5. Aliacha kuwa rafiki ya 2 kati yao. Huwa wanatumiana barua 2 kila wiki na barua hizo zina urefu wa kurasa 5. Huwa anajibu kwa ukarimu. Anaweza kuandika ukurasa kwa dakika 6. Huwa anatumia saa ngapi kuandika barua kwa wiki?	3
Jason ana mpango wa simu wa dakika 1000 kila mwezi. Kila siku anapiga simu kwa dakika 15 akiongea na mdosi wake, na ameongea kwa simu dakika 300 na watu wengine mwezi huu. Jason bado amesalia na dakika ngapi ikiwa mwezi huu una siku 30?	250
Griffin alikuwa na chipsi 24, lakini Kyle alichukua 5. Billy alichukua mara mbili zaidi ya Kyle. Ginger alimpa Griffin chipsi kadhaa, na kisha Colby akachukua kutoka kwa Griffin chipsi 3 chini ya zile ambazo Kyle alikuwa amechukua. Ikiwa mwishoni Griffin alikuwa na chipsi 27, Ginger alimpa Griffin chipsi ngapi?	20
Kuna konokono 4 katika tangisamaki na konokono 32 katika tangisamaki nyingine. Tofauti kati ya idadi ya konokono katika tangisamaki hizi mbili ni mara mbili zaidi ya idadi ya samaki katika tangisamaki zote mbili. Ikiwa tangisamaki zote mbili zina idadi sawa ya samaki, kuna samaki wangapi katika kila tangisamaki?	7
Msanii wa mapambo wa Jean hutoza $250 kila saa. Anahitaji mapambo ghali mno kwa filamu anayofanya na huwa inachukua saa 6 kufanya kila siku na anahitaji ifanywe mara 4 kwa wiki. Filamu hiyo inachukua wiki 5 kukamilisha. Baada ya filamu hiyo kuisha msanii wa mapambo humpa Jean kipunguzo cha 10% kwa sababu ya kiwango cha kazi alichofanya. Jean alimlipa pesa ngapi?	27000
Isabelle alinunua vifaa vya sherehe kwa ajili ya sherehe ya siku ya kuzaliwa ya dadake mdogo. Alitumia $12 kununua viambato vya keki, $43 kununua zawadi za siku ya kuzaliwa, $15 kununua mapambo, $4 kufanya mialiko, na $22 kununua mifuko ya zawadi ya wageni. Anagawanya gharama hivyo sawasawa mara tatu na wazazi wake wawili. Kila mmoja alilipa dola ngapi?	32
Mpishi alinunua mifuko 4 ya vitunguu. Kila mfuko kina uzani wa pauni 50. Pauni moja ya vitunguu ni $1.50. Mpishi huyo alitumia pesa ngapi?	300
Jumatatu, Sue alikula biskuti mara 4 zaidi ya dadake. Jumanne, alikula biskuti mara mbili zaidi ya dadake. Dadake alikula biskuti 5 Jumatatu na 13 siku iliyofuata. Ikiwa biskuti 1 ina kalori 200, Sue alikula kalori ngapi zaidi ya dadake?	5,600
