Les canes de Janet pondent 16 œufs par jour. Chaque matin, elle en mange trois au petit déjeuner et en utilise quatre autres pour préparer des muffins pour ses amis. Ce qui reste, elle le vend quotidiennement au marché fermier, au prix de 2 $ l'œuf de cane frais. Combien (en dollars) gagne-t-elle chaque jour au marché fermier ?	18
Une robe nécessite 2 rouleaux de fibre bleue et la moitié de cette quantité en fibre blanche. Combien faut-il de rouleaux au total ?	3
Josh se lance dans la rénovation d'une maison. Il en achète une au prix de 80 000 $ et investit 50 000 $ dans sa restauration. La valeur de la maison augmente alors de 150 %. Quel bénéfice a-t-il réalisé ?	70000
Jacques fait des séries de 3 sprints 3 fois par semaine. Il court 60 mètres à chaque sprint. Au total, combien de mètres court-il par semaine ?	540
Pour garder ses poulets en bonne santé, Wendi leur donne chaque jour trois bols d'aliments mixtes contenant des graines, des vers de farine et des légumes. Elle les nourrit en trois repas séparés. Le matin, elle leur donne 15 bols d'aliments. L'après-midi, elle leur en donne 25 autres. Si son élevage compte 20 poulets, combien de bols de nourriture doit-elle leur donner pour le dernier repas de la journée ?	20
Kylar se rend au magasin afin d'acheter des verres pour son nouvel appartement. Un verre coûte 5 $, mais chaque deuxième verre ne coûte que 60 % du prix. Kylar veut acheter 16 verres. Combien devra-t-il payer pour les acheter ?	64
Toulouse a deux fois plus de moutons que Charleston. Charleston en a 4 fois plus que Seattle. Si Seattle a 20 moutons, combien de moutons Toulouse, Charleston et Seattle ont-ils au total ?	260
Carla est en train de télécharger un fichier de 200 Go. Elle télécharge à la vitesse de 2 Go par minute mais à 40 % de téléchargement, Windows impose un redémarrage pour installer les mises à jour, ce qui prend 20 minutes. Carla doit alors recommencer le téléchargement depuis le début. Combien de temps faut-il pour télécharger le fichier ?	160
Jean conduit pendant 3 heures à une vitesse de 60 mph, puis fait demi-tour après avoir constaté qu'il a oublié une chose très importante à la maison. Il essaie de rentrer en 4 heures, mais perd les 2 premières heures dans les embouteillages. Durant la demi-heure suivante, il conduit à 30 mph, avant de rouler à 80 mph pendant le temps restant sur les 4 heures. Quelle distance le sépare de son domicile à la fin des 4 heures ?	45
Pour les 40 premières heures de travail hebdomadaire, le taux horaire d'Élisa est de 10 $. Pour ses heures supplémentaires, elle perçoit également une rémunération équivalant à 1,2 fois son taux horaire normal. Si cette semaine Élisa a travaillé 45 heures, quel sera son salaire de la semaine ?	460
Un nouveau programme a été téléchargé 60 fois au cours du premier mois. Le nombre de téléchargements au cours du deuxième mois était trois fois supérieur à celui du premier mois. Il a ensuite diminué de 30 % au cours du troisième mois. Combien de fois au total le programme a-t-il été téléchargé au cours de ces trois mois ?	366
Toula a acheté plusieurs pâtisseries différentes à la boulangerie. Elle a acheté 3 douzaines de beignets à 68 $ la douzaine, 2 douzaines de petits gâteaux à 80 $ la douzaine et 6 douzaines de petits gâteaux au fromage à 55 $ la douzaine. À combien s'élève le coût total ?	694
Carlos veut planter un citronnier. Le coût de la plantation est de 90 $. Chaque année, l'arbre produira 7 citrons qui seront vendus au prix de 1,5 $ chacun. L'arrosage et la nutrition de l'arbre coûtent 3 $ par an. Combien d'années faudra-t-il à Carlos pour commencer à gagner de l'argent avec son citronnier ?	13
Mélanie fait de la vente à domicile. Lors de son passage à la maison verte, elle a vendu un tiers de ses aspirateurs, puis 2 autres à la maison rouge, et enfin la moitié de ce qui restait à la maison orange. S'il reste à Mélanie 5 aspirateurs, de combien d'aspirateurs disposait-elle au départ ?	18
Dans un cours de danse comptant 20 élèves, 20 % d'entre eux sont inscrits en danse contemporaine, 25 % en danse jazz et le reste en danse hip-hop. Quel est le pourcentage des élèves inscrits en danse hip-hop ?	60
Un commerçant hésite entre 2 plans d'achat : des bijoux d'une valeur de 5 000 $ ou des gadgets électroniques d'une valeur de 8 000 $. Son conseiller financier spécule sur une hausse de 2,5 % du marché des bijoux et de 1,2 % de celui des gadgets électroniques au cours du même mois. Si le commerçant fait un choix qui lui permet de maximiser son profit à la fin du mois, quel serait le montant de ce profit ?	125
Deux trains partent de San Rafael au même moment. Ils se dirigent d'abord vers l'ouest et parcourent tous les deux 80 miles. Le jour suivant, ils voyagent vers le nord, couvrant 150 miles. Quelle est la distance parcourue par chaque train au cours de ces deux jours ?	230
Jill gagne 20 $ de l'heure en tant qu'enseignante et 30 $ comme entraineuse de majorettes. Si elle travaille 35 heures par semaine en tant qu'enseignante, 15 heures par semaine comme entraineuse et 50 semaines par an, quel est son salaire annuel ?	57500
Pour son petit déjeuner, Claire se prépare une omelette de 3 œufs tous les matins. Combien de douzaines d'œufs mangera-t-elle en 4 semaines ?	7
Marissa fait une randonnée sur un sentier d'une longueur de 12 miles. Elle a mis 1 heure pour parcourir les 4 premiers miles, puis une autre heure pour les deux miles suivants. Si elle veut que sa vitesse moyenne soit de 4 miles par heure, quelle vitesse (en miles par heure) doit-elle atteindre pour parcourir la distance restante ?	6
J'ai 10 litres de jus d'orange composés aux deux tiers d'eau. En voulant les mélanger à 15 litres de jus d'ananas composés aux trois quarts d'eau, je renverse un litre de jus d'orange. Quelle quantité d'eau y a-t-il dans les 24 litres restants ?	15
Raymond et Samantha sont cousins. Raymond est né 6 ans avant Samantha et a eu un fils à l'âge de 23 ans. Si Samantha est maintenant âgée de 31 ans, quel est l'âge du fils de Raymond ?	14
Billy vend des DVD. Ce mardi, il a 8clients. Ses 3 premiers clients achètent chacun un DVD. Les 2 clients suivants en achètent chacun 2. Les 3 derniers n'en achètent aucun. Combien de DVD Billy a-t-il vendus mardi ?	7
Une bougie allumée fond et perd 2 centimètres toutes les heures. Combien de centimètres la bougie aura-t-elle perdus après avoir brûlé de 13 h à 17 h ?	8
Kyle a acheté le livre le plus vendu de l'année dernière à 19,50 $, en bénéficiant d'une remise de 25 % sur le prix initial. Quel est le prix initial du livre ?	26
Marie a commandé un plat de poulet qui coûte 12 $, 5 cartons de lait de 3 $ chacun, 4 pommes de 1,50 $ chacune et quelques boîtes de pizza. Marie a payé en tout 50 $. Si chaque boîte de pizza coûte 8,50 $, combien de boîtes Marie a-t-elle commandées ?	2
Mishka a acheté 3 shorts, 3 pantalons et 3 paires de chaussures. Un short coûte 16,50 $, un pantalon 22,50 $ et une paire de chaussures 42 $. Combien d'argent Mishka a-t-elle dépensé en tout pour l'achat de ces vêtements ?	243
Cynthia mange une portion de glace tous les soirs. Elle achète des cartons contenant 15 portions de glace chacun, au prix de 4,00 $ le carton. Après 60 jours, combien dépensera-t-elle en glace ?	16
Henri a fait deux arrêts pendant son voyage de 60 miles à vélo. Il a marqué son premier arrêt après 20 miles. Il s'est de nouveau arrêté 15 miles avant la fin du voyage. Combien de miles a-t-il parcourus entre les deux arrêts ?	25
Pendant qu'elle achète des chaussures, Gloria tombe sur une paire de bottines qui rentre dans son budget. Toutefois, elle doit choisir entre les bottines et deux paires de talons hauts qui coûtent à elles deux cinq dollars de moins que les bottines. Si l'une des paires de talons hauts coûte 33 $ et que l'autre coûte deux fois plus, quel est, en dollar, le prix des bottines ?	104
Les âges de Darell et d'Allen sont dans le ratio de 7 : 11. Si la somme de leurs âges actuels est de 162, calculez l'âge qu'aura Allen dans 10 ans.	109
Gunter essaie de compter des bonbons dans un bocal. Il demande à ses amis d'en estimer la quantité. L'un d'eux répond 80. Un autre dit 20 de plus que la moitié du premier. Un troisième parle de 25 % de plus que le premier. Quelle est la moyenne de leurs estimations ?	80
Jean s'occupe de 10 chiens. Chaque chien a besoin de 0,5 heure par jour pour se promener et faire d'autres choses. Combien d'heures Jean passe-t-il par semaine à s'occuper des chiens ?	35
Gretchen a 110 pièces. Les pièces en or comptent 30 pièces de plus que celles en argent. Combien Gretchen a-t-elle de pièces en or ?	70
Siobhan a 2 bijoux de moins qu'Aaron. Aaron en a 5 de plus que la moitié des bijoux de Raymond. Si Raymond a 40 bijoux, combien Siobhan a-t-il de bijoux ?	23
Mike joue au ping-pong pendant 40 minutes. Durant les 20 premières minutes, il marque 4 points. Il marque 25 % de points supplémentaires pendant les 20 minutes suivantes. Combien de points a-t-il marqués au total ?	9
Terry mange 2 yaourts chaque jour. On les vend au prix de 4 yaourts pour 5,00 $. Combien d'argent dépense-t-il en yaourt sur 30 jours ?	75
Jean veut vendre tous ses jouets et utiliser l'argent pour s'acheter des jeux vidéos. Il possède 13 jeux de lego et les met en vente pour 15 $ chacun. Finalement, il s'achète 8 jeux vidéos au prix de 20 $ par jeu, ce qui le laisse avec 5 $. Combien lui reste-t-il de jeux de lego ?	2
Jean court 60 miles chaque semaine. Il court 3 jours par semaine. Le premier jour il court pendant 3 heures et court deux fois moins les deux autres jours. Quelle est sa vitesse de course ?	10
Dana court quatre fois plus vite qu'elle ne marche, mais saute deux fois moins vite qu'elle ne court. Si elle saute à une vitesse de 3 miles par heure, combien de miles parcourt-elle en six heures, sachant qu'elle passe 1/3 du temps à courir et 2/3 à marcher ?	18
L'iPhone de Brandon est quatre fois plus vieux que celui de Ben. L'iPhone de Ben est deux fois plus vieux que celui de Suzie. Si l'iPhone de Suzie a 1 an, quel âge à celui de Brandon ?	8
Perg, le grand dragon, était assis au sommet du mont Farbo et crachait du feu sur une distance de 1 000 pieds. Polly pouvait lancer le javelot d'or, la seule arme capable de transpercer le dragon, mais sur une distance de 400 pieds, largement à portée de ses flammes. Toutefois, lorsque Polly tenait la pierre de saphir, elle pouvait le lancer trois fois plus loin. En tenant la pierre précieuse, à quelle distance Polly pouvait-elle se maintenir hors de portée des flammes, tout en parvenant à frapper le dragon avec le javelot d'or ?	200
Grand-mère Jones a préparé 5 tartes aux pommes pour le déjeuner des pompiers. Elle a ensuite coupé chaque tarte en 8 parts et a disposé les cinq tartes sur la table de buffet pour que chacun se serve. À la fin de la soirée, après que tous les invités aient pris et mangé leurs tartes, il en est resté 14 parts. Combien les invités ont-ils pris de parts ?	26
Selon ses informations nutritionnelles, un sac de chips contient 250 calories par portion. Si un sac de 300 g contient 5 portions, combien de grammes de chips allez-vous manger, sachant que votre objectif calorique journalier est de 2 000 et que vous avez déjà consommé 1 800 calories ?	48
Charlie veut vendre des bougies en cire d'abeille. Chaque livre de cire d'abeille lui permet de produire 10 bougies effilées. Une livre de cire d'abeille et de mèches est livrée au prix de 10,00 $. S'il produit et vend 20 bougies, quel est son bénéfice net, sachant que chaque bougie est vendu à 2,00 $ ?	20
Mérédith est une blogueuse freelance dont le travail consiste à rédiger des articles sur les thèmes de la santé et à les soumettre chaque jour aux clients. Un article de blog demande 4 heures de travail en moyenne, ce qui inclut les recherches et la rédaction. La semaine passée, elle a rédigé 5 articles le lundi et 2/5 de fois plus d'articles le mardi. Le mercredi, elle a écrit deux fois plus d'articles qu'elle n'en a écrit le mardi. Calculez le nombre total d'heures passées à rédiger des articles durant ces trois jours.	104
Avant d'aller travailler au café, Candice a mis 80 pense-bêtes dans son sac à main. En chemin, elle s'est arrêtée pour acheter un paquet de pense-bêtes au magasin. Arrivée au travail, elle a placé un pense-bête sur chacune des 220 tasses de café. Si par la suite il ne lui restait plus que 23 pense-bêtes, combien y avait-il de pense-bêtes dans le paquet qu'elle a acheté ?	163
Jean achète deux fois plus de cravates rouges que de cravates bleues. Les cravates rouges coûtent 50 % de plus. Il a dépensé 200 $ pour les cravates bleues qui coûtent 40 $ chacune. Combien a-t-il dépensé en cravates ?	800
Pour soutenir les plants de tomates de son jardin, Tracy a utilisé un fil de fer d'une longueur de 4 pieds. Ce fil a été coupé en plusieurs morceaux de 6 pouces de long. Combien de morceaux a-t-elle obtenus ?	8
Richard vit dans l'un des appartements d'un immeuble de 15 étages. Chaque étage contient 8 appartements. Sachant que les 3/4 de l'immeuble sont occupés, quel est le nombre total d'appartements inoccupés de l'immeuble ?	30
Lloyd est propriétaire d'un poulailler. Ses poules produisent 252 œufs par jour et ils les vend à 2 $ la douzaine. Combien Lloyd gagne-t-il par semaine avec ses œufs ?	294
La bateau de Tom se déplace à 10 miles par heure. Il navigue de 13 h à 16 h, puis entreprend le trajet retour à la vitesse de 6 miles par heure. Combien de temps lui faudra-t-il pour rentrer ?	5
Le sac d'Uriah devient trop lourd pour lui. Il doit réduire son poids de 15 livres. Chacune de ses bandes dessinées pèse 1/4 de livre et chacun de ses jouets 1/2 livre. S'il enlève 30 bandes dessinées, combien lui faudra-t-il enlever de jouets ?	15
Un mécanicien pratique différents tarifs de réparation des pneus de camions et de voitures. Pour chaque pneu de camion réparé il facture 60 $, et en facture 40 pour chaque pneu de voiture. Jeudi, il répare 6 pneus de camion et 4 pneus de voiture. Vendredi, il répare 12 pneus de voiture et n'en répare aucun de camion. Le jour où les revenus étaient les plus élevés, combien d'argent le mécanicien a-t-il gagné en plus ?	40
Les sœurs Doubtfire quittent le refuge local pour animaux, avec dans leur voiture 7 chatons adoptés. Sur le chemin de retour, elles reçoivent un appel de leur mère qui les informe que leur deux chattes domestiques viennent d'avoir des chatons. Elle dit que Patchy, la première chatte, a eu trois fois le nombre de chatons adoptés, tandis que Trixie, l'autre, en a eu 12. Combien de chatons la famille Doubtfire a-t-elle maintenant ?	40
Jean a 30 sucettes. Il en mange 2. Avec les sucettes restantes il veut faire des sacs de 2 sucettes chacun. Combien de sacs Jean obtiendra-t-il ?	14
Pierre prévoit d'aller au cinéma cette semaine. Il achète toujours un billet de 7 $ et 7 $ de pop-corn. S'il dispose de 42 $ pour la semaine, combien de fois pourra-t-il aller au cinéma ?	3
Un camion de livraison est sur le point de traverser un pont en bois qui ne peut pas supporter une charge de plus de 5 000 livres. Le camion est rempli de boîtes identiques, d'un poids de 15 livres chacune. Le poids combiné du conducteur et du camion vide est de 3 755 livres. Combien de boîtes peuvent être chargées sur le camion sans dépasser la limite de poids du pont ?	83
Stéphane a commandé des produits d'épicerie en ligne. Sa facture finale s'élève à 40,00 $. Comme il s'agissait d'un fournisseur de services de livraison, celui-ci a majoré la facture de 25 % et a ajouté 3,00 $ de frais de livraison. Stéphane a également donné un pourboire de 4,00 $. En comptant les frais supplémentaires, quel a été le prix final de la commande de Stéphane ?	57
Un framboisier compte 6 grappes de 20 fruits chacune, ainsi que 67 fruits isolés et éparpillés sur l'arbuste. Combien de framboises y a-t-il au total ?	187
Un panier contient 25 oranges dont 1 est avariée, 20 % ne sont pas mûres, 2 sont acides et le reste est bon. Combien d'oranges sont bonnes ?	17
Janet achète une broche pour sa fille. Elle dépense 500 $ pour se procurer le matériel de fabrication, puis 800 $ supplémentaires pour la réalisation par un bijoutier. Ensuite, elle dépense 10 % de cette somme pour la faire assurer. Combien a-t-elle dépensé au total ?	1430
Si Marcy travaille pour la même entreprise pendant 40 ans, elle reçoit une pension de 50 000 $ par an. À partir de 20 ans de travail, elle a droit à 5 % de ce montant par an. En admettant qu'elle démissionne après 30 ans de service, quelle sera sa pension annuelle ?	25000
Aleena s'est abonnée à un service de streaming qui lui facture 140 $ par mois. Si la société de streaming a facturé ce montant pendant la première moitié de l'année, puis 10 % de moins durant l'autre moitié de l'année, calculez le montant total qu'elle a payé pour le service de streaming à la fin de l'année.	1596
Sophie envisage un voyage en voiture et se demande quelle distance elle peut parcourir avec un seul plein d'essence. Elle a fait 100 miles depuis le dernier plein et a dû rajouter 4 gallons d'essence pour remplir à nouveau le réservoir. Le manuel d'utilisation indique que son réservoir a une capacité de 12 galons d'essence. Combien de miles Sophie peut-elle parcourir avec un seul plein d'essence ?	300
Jim passe 2 heures à regarder la télévision, puis décide d'aller se coucher et de lire pendant la moitié du temps qu'il passe à visionner. Il répète cela 3 fois par semaine. Combien d'heures passe-t-il à regarder la télévision et à lire en 4 semaines ?	36
Un tournoi de basket-ball accueille quatre écoles en compétition. Chaque école a envoyé une équipe féminine et une équipe masculine, chacune comptant 5 joueurs. Les écoles ont également envoyé chacune un entraîneur. Combien de personnes les écoles ont-elles envoyées en tout ?	48
Un chasseur de trésor a déterré un coffre rempli de pierres précieuses. Celui-ci contenait 175 diamants, 35 rubis de moins que la quantité de diamants, et deux fois plus d'émeraudes que de rubis. Combien de pierres précieuses y avait-il dans le coffre ?	595
Les garçons sont deux fois plus nombreux que les filles à l'école du Docteur Wertz. S'il y a 60 filles et 5 élèves par professeur, combien de professeurs y a-t-il ?	36
Bailey a une certaine somme d'argent au départ. Elle reçoit ensuite une allocation hebdomadaire de 5 $ pendant 8 semaines. Si elle se retrouve avec un total de 100 dollars à la fin des 8 semaines, avec combien d'argent Bailey a-t-elle commencé ?	60
En semaine, Judy donne 5 cours de danse tous les jours et 8 cours le samedi. Si chaque cours compte 15 élèves et qu'elle facture 15,00 $ par élève, combien d'argent gagne-t-elle en une semaine ?	7425
Kélian prépare des plats sur la base de deux recettes, l'une avec 20 instructions et l'autre avec deux fois plus d'instructions que la première. Combien d'instructions Kélian doit-il lire pour préparer les deux plats ?	60
Tommy collecte des fonds pour son association caritative en vendant des brownies à 3 $ la tranche et des gâteaux au fromage à 4 $ la tranche. Si Tommy vend 43 brownies et 23 tranches de gâteau au fromage, combien d'argent Tommy a-t-il récolté ?	221
Shiela a acheté cinq téléphones portables au prix de 150 $ chacun, payable en 3 mensualités. Un intérêt de 2 % sera facturé pour chaque unité. Quel montant Shiela devra-t-elle verser chaque mois pendant 3 mois ?	255
Artie vend des fleurs au marché fermier. Il en vend de trois sortes : des soucis, des pétunias et des bégonias. Il vend habituellement les soucis à 2,74 $ le pot, les pétunias à 1,87 $ le pot et les bégonias à 2,12 $ le pot. Comme il n'a pas de monnaie aujourd'hui, Artie décide d'arrondir tous ses prix au dollar le plus proche. S'il vend 12 pots de soucis, 9 pots de pétunias et 17 pots de bégonias, combien d'argent gagnera-t-il ?	88
Luc passe du temps à construire des châteaux de sable sur la plage. Il remarque que chaque étage d'un château de sable a la moitié de la surface de l'étage inférieur. Quelle est la superficie moyenne d'un étage, sachant que le château de sable en compte 4 et que l'étage le plus élevé a une superficie de 16 pieds carrés ?	60
Cécilia vient d'acheter un nouveau chiot. D'après le vétérinaire, elle devra lui donner 1 bol de nourriture pour chien tous les jours pendant les 180 premiers jours. Ensuite, elle devra lui donner 2 bols tous les jours jusqu'à la fin de sa vie. Si un sac de nourriture représente 110 bols, combien de sacs de nourriture pour chiens Cécilia utilisera-t-elle au cours de la première année ?	5
Raymond fait deux fois moins de lessive que Sara, et Sara fait 4 fois plus de lessive que David. Sachant que Sara fait 400 livres de lessive, calculez la différence entre la quantité de lessive de Raymond et celle de David.	100
Vincent a le choix entre acheter des fleurs en paquets de 3 pour 2,50 $ ou en paquets de 2 pour 1 $. Combien d'argent économisera-t-il s'il achète 18 fleurs au meilleur prix ?	6
Jean adopte un chien et l'emmène chez le toiletteur pour la somme de 100 $. Le toiletteur lui offre une réduction de 30 %, comme c'est un nouveau client. Combien coûte finalement le toilettage ?	70
Deux filles ont reçu chacune 1/6 des 24 litres d'eau. Un garçon a ensuite reçu 6 litres d'eau. Combien de litres d'eau reste-t-il ?	10
Charlie avait 10 autocollants. Il en a acheté 21 autres dans un magasin du centre commercial et en a reçu 23 pour son anniversaire. Ensuite, il en a donné 9 à sa sœur et en a utilisé 28 pour décorer une carte de vœux. Combien d'autocollants lui reste-t-il ?	17
Grace pèse 125 livres. Alex en pèse 2 de moins que 4 fois le poids de Grace. Quelle est, en livres, la somme de leurs deux poids ?	623
Dan plante 3 rosiers. Chaque rosier compte 25 roses et chaque rose 8 épines. Combien d'épines y a-t-il en tout ?	600
Une équipe de football a joué 22 matchs. Elle a gagné _ fois plus qu'elle n'a perdu. Combien de fois a-t-elle gagné ?	15
Gene confectionne une courtepointe à partir de vieux t-shirts souvenirs. Il a un t-shirt pour chaque voyage de vacances qu'il a fait. Chaque t-shirt constitue un des carrés de la courtepointe. Chaque rangée de carrés correspond à une année de vacances différente. Depuis qu'il a 23 ans, il part en voyage de vacances quatre fois par an. Il a aujourd'hui 34 ans. Combien de carrés sa courtepointe compte-t-elle au total ?	44
Greg a une alarme réglée pour sonner trois fois par jour. Lorsque l'alarme se déclenche, elle sonne jusqu'à ce que Greg l'éteigne. La première fois qu'elle s'est déclenchée aujourd'hui, elle a sonné quatre fois. La deuxième fois, elle a sonné trois fois plus longtemps que la première fois. La troisième fois, elle a sonné deux fois moins longtemps que la deuxième fois. Combien de fois l'alarme a-t-elle sonné en tout ?	22
Une entreprise verse 600 $ par mois à chaque employé. Elle a pour politique d'ajouter 10 % au salaire initial de chacun de ses employés ayant cinq ans d'ancienneté. Si Sylvie vient de passer 5 ans dans l'entreprise en décembre dernier, quel sera son salaire annuel après trois années supplémentaires de service ?	9360
Le premier disque de Marilyn s'est vendu à 10 fois plus d'exemplaires que celui de Harald. S'ils ont vendu 88 000 exemplaires à eux deux, combien d'exemplaires Harald a-t-il vendus ?	8000
Christina organise une fête d'anniversaire et demande 0,75 sac cadeau par invité, vu que 1/4 des invités ne se présentent pas. Sachant qu'elle a invité 16 amis et que les sacs cadeaux coûtent 2 $ chacun, combien va-t-elle dépenser ?	24
Ted le tyrannosaure a prévu d'apporter une salade de pommes de terre au pique-nique des dinosaures. Il sait qu'il en faudra 10 livres pour un dinosaure adulte et la moitié de cette quantité pour un enfant. Si 20 adultes et 5 enfants sont présents au pique-nique, combien de kilos de salade de pommes de terre Ted devra-t-il apporter pour espérer nourrir tout le monde ?	225
Jan a trois fois plus d'animaux de compagnie que Marcia. Marcia en a deux de plus que Cindy. Si Cindy a quatre animaux, combien d'animaux au total ont-elles toutes les trois ?	28
Émilie a 4 enfants qui s'appellent Amy, Jackson, Corey et Jacques. Amy a 5 ans de plus que Jackson et 2 ans de moins que Corey. Si Jacques a 10 ans et 1 an de moins que Corey, quel est l'âge de Jackson ?	4
Autrefois, Lee courait le 400 mètres haies deux secondes plus vite que Gérald. Mais après un changement de régime alimentaire, Gérald a amélioré sa vitesse de 10 %. Si Lee court le 400 mètres haies en 38 secondes, quelle est, en secondes, le temps de course de Gérald après son nouveau régime ?	36
Dans un certain quartier, la population des lapins de compagnie compte douze unités de moins que celle de l'ensemble des chiens et des chats de compagnie. Si pour chaque chien on compte deux chats et qu'il y a en tout 60 chiens, combien d'animaux domestiques y a-t-il au total dans le quartier ?	348
Sur les 200 élèves de CM2, 2/5 sont des garçons et les 2/3 des filles sont membres des scouts. Quel est le nombre de filles qui ne fait pas partie des scouts ?	40
Harry a dormi 9 heures la nuit dernière. Son ami Jacques n'a dormi que 2/3 de ce temps. Comparé à Jacques, combien d'heures en plus Harry a-t-il dormi ?	3
Lorsque Freda fait cuire des tomates en conserve pour en faire de la sauce, ces dernières perdent la moitié de leur volume. Elle utilise des boîtes de 16 onces qui contiennent chacune trois tomates. La dernière préparation de sauce tomate de Freda a permis d'obtenir 32 onces de sauce. Combien de tomates Freda a-t-elle utilisées ?	12
Des voitures sont coincées dans une file sur l'autoroute. Certaines voitures parviennent à avancer durant les 15 premières minutes de l'embouteillage, puis 20 autres voitures durant les 15 dernières. 5 voitures sortent de la file pour ne pas avoir à traverser l'embouteillage. Sachant qu'il y avait initialement 30 voitures sur l'autoroute, combien de voitures ont traversé l'embouteillage au cours des 15 premières minutes ?	5
Marie adore jardiner. Hier, elle a reçu 18 nouvelles plantes en pot provenant de sa pépinière préférée. Elle en avait déjà 2 sur chacun des 40 rebords de fenêtre de sa grande maison de campagne. Elle a donc décidé que demain, elle prendra sur chaque rebord de fenêtre 1 plante en pot qu'elle offrira généreusement à des amis et à des proches. Combien de plantes en pot restera-t-il à Marie ?	58
Un jour, 4 amis ont rendu visite à Jérôme. Le premier a appuyé sur la sonnette 20 fois avant que Jérôme n'ouvre, le deuxième 1/4 de fois plus que le premier, et le troisième 10 fois plus que le quatrième. Sachant que le quatrième ami a appuyé 60 fois, combien de fois au total la sonnette a-t-elle retenti ?	175
Solo doit lire 4 pages de son manuel de sciences, 20 pages du manuel d'études sociales, 7 pages du manuel d'histoire et 8 pages du manuel de géographie. Ce lundi, il a lu 15 pages. S'il ne lui reste que 4 jours pour terminer sa lecture, combien de pages lui faudra-t-il lire en moyenne chaque jour ?	6
Jean aime boire un verre d'eau au petit déjeuner, au déjeuner et au dîner. Pour finir, il en boit également un avant d'aller se coucher. Il suit cette routine tous les jours de la semaine. Le week-end par contre, il aime se détendre et boire un soda au dîner. Combien de verres d'eau Jean boit-il en une semaine ?	26
Un banc de brouillard arrive de l'océan et recouvre progressivement une ville. Il met 10 minutes pour couvrir 3 miles de la ville. Si la ville s'étend sur 42 miles depuis le bord de l'océan jusqu'au bord opposé à l'intérieur des terres, combien de minutes faudra-t-il au banc de brouillard pour couvrir toute la ville ?	140
Poppy tente de résoudre un puzzle de 1 000 pièces. Elle place un quart des pièces sur le plateau, puis sa mère place un tiers des pièces restantes. Combien de pièces de puzzle reste-t-il à placer ?	500
Cody mange trois fois plus de biscuits qu'Amir. Si Amir mange 5 biscuits, combien de biscuits mangent-ils au total tous les deux ?	20
Jean a 3 boîtes. Chaque boîte mesure 5 x 6 x 4 pouces. Les parois ont 1 pouce d'épaisseur. Quel est le volume intérieur total des 3 boîtes ?	72
Tous les soirs, Frankie regarde la télévision après avoir fait ses devoirs. Lundi et mardi derniers, il a regardé chaque soir un épisode de son émission préférée pendant 1 heure. Mercredi, il a regardé quelques épisodes d'une émission de 30 minutes. Jeudi, il a fini ses devoirs plus tôt et a regardé un épisode d'une heure et une émission de 30 minutes. Vendredi, il a pu veiller tard en raison du week-end, et a donc regardé deux épisodes d'une heure chacune. S'il a regardé en tout 7 heures de télévision, combien d'épisodes de 30 minutes a-t-il regardé mercredi ?	3
Henri prépare des cookies pour un concours local de pâtisserie. Il veut en faire deux fois plus que l'année dernière. A la fin de la fournée, il constate qu'il a fait 15 cookies de plus que prévu. Il fait tomber 5 de ses biscuits pendant qu'il les fait refroidir et se retrouve avec un total de 110 biscuits. Combien de biscuits Henri a-t-il préparés l'année dernière ?	50
Une station-service vend de l'essence à 3,00 $ le gallon. Une société d'application offre 0,20 $ de remboursement par gallon si vous faites le plein dans cette station. Si quelqu'un achète 10 gallons d'essence, quel sera le prix d'achat, après les remboursements ?	28
Marcell et Béatrice s'affrontent pour savoir qui des deux mange le plus de roulés aux fruits. Ils en déroulent donc autant qu'ils en trouvent. Malheureusement, à cause d'une erreur, Béatrice se retrouve avec deux roulés larges et 24 roulés longs, tandis que Marcell obtient trois roulés larges et 14 roulés longs. Si chacun des deux a entièrement mangé ses roulés, combien en ont-ils mangé en moyenne ?	45
Une fuite s'est produite dans le bateau de Julia alors qu'elle se trouvait sur le lac. Le bateau a commencé à prendre deux litres d'eau tous les dix pieds ramés en direction de la rive. Il lui a fallu seize secondes pour parcourir vingt pieds. La rive étant à 64 secondes, combien le bateau avait-il pris d'eau quand Julia a atteint la rive ?	16
Une salle de classe dispose d'un tableau blanc partagé entre les 4 enseignants qui utilisent la salle à tour de rôle. Chacun d'eux donne 2 cours par jour et utilise le tableau blanc à chaque fois. Si le tableau est nettoyé 3 fois par leçon, combien de fois le nettoie-t-on en une journée ?	24
Chaque jour, Ryan plante 2 fleurs dans son jardin. Sachant que 5 fleurs n'ont pas poussé, combien de fleurs aura-t-il au bout de 15 jours ?	25
Le téléphone de Jamal peut stocker 6 fois plus de photos que celui de Brittany. Le téléphone de Brittany peut en stocker au maximum 50 fois plus qu'il n'y a d'oiseaux sur la photo prise par Jamal, où l'on voit des canards dans le zoo. Si le téléphone de Jamal a une capacité de 1 800 photos, combien de canards peut-on voir sur la photo qu'il a prise ?	6
Quelques temps après avoir acheté du bois de construction, Sasha remarque que les prix ont augmenté de 50 % au cours des derniers mois. Elle décide donc de vendre le bois qu'il lui reste. Il lui reste dix planches de 2 x 4 x 10, qui lui ont coûté 10 $ chacune. Elle a également cinq planches de 4 x 4 x 10 qu'elle a achetées 16 $ la planche. Si elle parvient à toutes les vendre, quel sera son bénéfice ?	90
Katy prépare du café en utilisant des cuillères à café de sucre et des tasses d'eau dans un ratio de 7 : 13. Calculez le nombre de cuillères à café qu'elle a versées, sachant qu'elle a utilisé un total de 120 cuillères à café de sucre et de tasses d'eau.	42
Pour chacun de ses 3 enfants, Jean achète 2 paires de chaussures qui valent 60 $ chacune. Combien a-t-il payé ?	360
Un agent des douanes du port principal de dédouanement de SeaSide a compté 2 conteneurs de véhicules importés, ayant chacun 5 véhicules à l'intérieur. Le jour suivant, de nouveaux conteneurs sont arrivés et ont porté à 30 le nombre total de véhicules présents dans le port. Calculez le nombre de conteneurs importés le deuxième jour, en supposant que tous les conteneurs contiennent 5 véhicules.	4
Le salaire total d'Adrien était de 30 % supérieur à celui de Lylah. Quatre ans plus tard, ce salaire avait augmenté et était de 40 % plus élevé que celui qu'il gagnait au départ. Si les salaires d'Adrien et de Lylah ont augmenté simultanément, et qu'Adrien gagnait 40 000 $ il y a quatre ans, calculez le montant total de leurs deux salaires quatre ans plus tard.	95200
Miguel utilise 2 cartons de papier par semaine pour son dessin. Si chaque carton contient 30 feuilles de papier, combien de feuilles de papier utilise-t-il par mois ?	240
Il a été demandé à Morisette et Kael d'apporter des fruits. Morisette a apporté 5 pommes et 8 oranges, tandis que Kael a apporté deux fois plus de pommes et la moitié moins d'oranges que Morisette. Combien de fruits ont-ils apporté en tout ?	27
Sadie a dormi 8 heures lundi. Elle a dormi 2 heures de moins chacun des deux jours qui ont suivi, à cause de certaines obligations. Sachant que le reste de la semaine elle a dormi 1 heure de plus que lors de ces deux jours, combien d'heures a-t-elle dormi au total durant toute la semaine ?	48
Rosie court à une vitesse de 10 miles par heure pendant 3 heures. Ensuite, elle court 5 miles par heure. Combien de miles aura-t-elle parcouru en 7 heures ?	50
Jennie apporte une assistance au bureau de sa mère. Elle dispose d'une pile de 60 lettres à timbrer et d'une autre avec des lettres déjà timbrées. Elle tamponne un tiers des lettres à timbrer. S'il y a maintenant 30 lettres dans la pile de lettres timbrées, combien y en avait-il dans cette pile lorsque Jennie a commencé le travail ?	10
Julia se préparait pour un dîner organisé chez elle, durant lequel elle comptait servir du ragoût. Elle a remarqué qu'elle n'avait plus de cuillères en plastique et a donc acheté un nouveau paquet de cuillères. Plus tard, son mari a également acheté un paquet de 5 nouvelles cuillères et les a données à Julia. Pendant la cuisson, Julia a utilisé trois cuillères pour goûter son ragoût. Plus tard, lorsqu'elle est allée mettre la table, elle avait un total de 12 cuillères. Combien de cuillères y avait-il dans le paquet que Julia a acheté ?	10
Dylan avait besoin de saucisses de poulet et de saucisses de poisson pour faire des petits pains aux saucisses lors d'une fête. Il a acheté 38 saucisses de poulet et 6 saucisses de poisson de plus qu'il n'y en avait de poulet. Combien de saucisses Dylan a-t-il achetées en tout ?	82
Après avoir été transférée dans une nouvelle école, Amy s'est fait 20 amies de plus que Lily. Si Lily s'est fait 50 amies, combien d'amies Lily et Amy ont-elles en tout ?	120
La mère de Well vend des pastèques, des poivrons et des oranges au magasin du quartier. Une pastèque coûte trois fois plus cher qu'un poivron et une orange 5 fois moins qu'une pastèque. Dillon est envoyé au magasin pour acheter 4pastèques, 20 poivrons et 10 oranges. Quelle somme totale dépensera-t-il si chaque poivron coûte 15 $ ?	880
Un hôpital admet 500 personnes par jour. Chaque patient est examiné en moyenne pendant 24 minutes. Les médecins facturent 150 $ par heure à l'hôpital et celui-ci 200 $ par heure aux patients. Combien de bénéfices l'hôpital réalise-t-il grâce à ces consultations ?	10000
Nissa embauche 60 saisonniers pour jouer les lutins dans le village du Père Noël de son grand magasin. Un tiers des lutins démissionnent après que des enfants leur ont vomi dessus, puis 10 des lutins restants démissionnent après que des enfants leur ont donné des coups de pied dans le tibia. Combien de lutins reste-t-il ?	30
En mai, les dépenses de Joseph se sont élevées à 500 $. Elles ont baissé de 60 $ en juin. Quelle est la somme des dépenses effectuées durant les deux mois ?	940
Pam et Fred sont allés à une fête foraine. Pam a fait 2 fois le tour des montagnes russes et Fred 4 fois. Ensuite, chacun d'eux a fait 2 fois de la luge. Si chaque tour coûte 6 tickets, combien ont-ils utilisé de tickets ce jour-là ?	60
Lundi, Walt a marché 4 miles. Mardi, il a marché 6 fois plus de miles que le lundi. Son kilométrage de lundi à mercredi était de 41 miles. Combien de miles a-t-il parcouru mercredi ?	13
Tom effectue 4 lavages de voiture par mois. Si chaque lavage coûte 15 dollars, combien dépense-t-il en un an ?	720
L'ami de Brian, Bobby, possède 5 jeux vidéo de moins que 3 fois la quantité de jeux vidéo de Brian. Si Brian possède 20 jeux vidéo mais en a perdu 5 juste avant la comparaison du début, combien Bobby en possède-t-il ?	40
Il ne reste que 27 licornes dans le monde. Un tiers d'entre elles se trouvent dans les Highlands, en Écosse. Deux tiers des licornes écossaises sont des femmes. Combien y a-t-il de licornes écossaises ?	6
Rory commande 2 sous-marins à 7,50 $ chacun, 2 paquets de frites à 1,50 $ chacun et 2 biscuits à 1,00 $ chacun. Des frais de livraison de 20 % sont facturés à la caisse et Rory ajoute un pourboire de 5,00 $. Quel sera le coût de sa commande de livraison ?	29
Hier, Marc a passé un test de 75 questions. Il l'a passé à un rythme de 5 questions par heure. Aujourd'hui, il a passé un autre test de 100 questions au même rythme. Si Marc a pris 8 heures pour faire le premier test et 6 heures pour le deuxième, combien de questions sont restées sans réponse ?	105
Dans un distributeur de bonbons, il y a 22 fois plus de boules de gommes bleues que quatre fois la quantité de boules de gommes roses. S'il y a 12 boules de gommes de bleues, combien y en a-t-il de roses ?	70
Parmi les 20 voitures de location disponibles, 12 sont des voitures automatiques, 4 des voitures manuelles et le reste des semi-automatiques. Quel est le pourcentage de voitures semi-automatiques ?	20
Une ruche compte 700 abeilles. Il y a deux fois plus d'abeilles ouvrières que de bébés abeilles et deux fois plus de bébés que de reines. Combien d'abeilles ouvrières y a-t-il ?	400
Jordan passe 2 heures par jour à jouer à des jeux vidéo. Il occupe également un emploi à temps partiel qui lui rapporte 10 $ de l'heure. Combien d'argent Jordan gagnerait-il en une semaine, si son temps de jeu était consacré au travail ?	140
Jean achète pour 2 $ de lait, 3 $ d'œufs, 3 $ d'ampoules, 3 $ de tasses et 4 $ de pièges à cafards. Sachant qu'une taxe de 10 % s'applique à tous les articles non alimentaires, combien tout cela a-t-il coûté.	16
Kim a créé sa propre compagnie d'entretien et calcule le bénéfice qu'il pourra tirer de sa clientèle. Il a déjà 3 clients, mais sa discussion avec 5 autres clients potentiels le rend assez confiant pour les inclure dans ses calculs. 2 bouteilles d'eau de Javel et un paquet de chiffons seront nécessaire pour entretenir la maison de chaque clients. Il faudra débourser 2 $ par bouteille d'eau de Javel et 5 $ par paquet de chiffons. Ce sont ses seules dépenses. Il calcule que son revenu total chaque semaine sera de 92 $. Le bénéfice étant la différence entre le revenu total et les dépenses totales, quel bénéfice, en dollars, Kim fera-t-il chaque semaine ?	20
Jean possède un champ d'ananas de 10 hectares. Sachant qu'il y a 100 ananas par hectare et que Jean les récolte tous les 3 mois, combien peut-il en récolter en un an ?	4000
Johnny ramasse les jouets qui traînent dans sa chambre. Il a fait tomber un jeu de lego de 500 pièces, un autre avec 3 fois plus de pièces, ainsi qu'un dernier comptant 1/4 du nombre de pièces. Combien de pièces Johnny ramasse-t-il en tout ?	2,125
Debra surveille une ruche pour voir combien d'abeilles entrent et sortent en une journée. Elle voit 30 abeilles quitter la ruche dans les 6 premières heures, puis en voit la moitié revenir dans les 6 heures suivantes. Ensuite, au cours des 6 heures qui suivent, elle voit s'envoler deux fois plus d'abeilles que celles qui ont quitté la ruche la première fois. Puis, durant les 6 heures suivantes, toutes les abeilles qui étaient sorties et n'étaient pas encore revenues regagnent la ruche. Combien d'abeilles Debra a-t-elle vu revenir à la ruche au cours des 6 dernières heures de la journée ?	75
Brittany et sa mère vont au musée. Le prix de l'entrée est de 12 $ pour les adultes et de 10 $ pour les enfants. La mère de Brittany donne à la caissière de l'argent pour 1 billet enfant et 1 billet adulte. Si elle a reçu une différence de 8 $, combien d'argent, en dollars, a-t-elle donné à la caissière ?	30
Charlie a trois fois plus d'amis Facebook que Dorothée. Jacques en a quatre fois plus que Dorothée. Si Charlie a 12 amis Facebook, combien en a Jacques ?	16
Steve et Tim décident de voir lequel des deux rentrera le plus vite de l'école. Steve habite plus loin que Tim et a donc le droit d'utiliser son vélo. Steve habite à 3 miles de l'école et pédale à 440 pieds par minute. Tim habite à 2 miles de l'école. Si Tim se déplace en skateboard à une vitesse de 264 pieds par minute, combien de temps le gagnant attendra-t-il chez lui avant que le perdant ne termine la course ?	4
Shawnda pense qu'un service de gonflage de vélos serait très utile aux enfants de son quartier. Elle choisit de facturer au pneu. Le gonflage de chaque pneu coûte 25 cents. Le premier jour, 5 personnes sont venues faire gonfler les deux pneus de chacun de leurs vélos. 3 personnes sont venues faire gonfler tous les pneus de leurs tricycles. Enfin, une personne est venue en monocycle. Combien d'argent a-t-elle gagné ce jour-là ?	5
Carl achète dix paquets de cookies. Chaque paquet contient six biscuits. Chaque biscuit coûte 0,10 $. Combien de monnaie reçoit Carl s'il paie avec un billet de 10 $ ?	4
Dave a acheté un gros paquet de frites et en a mangé quatorze avant qu'une mouette affamée ne lui vole le paquet des mains. Lorsque la mouette s'est posée, elle a englouti la moitié de la quantité de frites que Dave avait mangée. Ensuite, trois pigeons ont forcé la mouette à s'éloigner de la nourriture et chacun d'eux a pu manger trois frites. Plus tard, un raton laveur a volé deux tiers des frites restantes. Les fourmis en ont emporté une dernière, abandonnant cinq frites. Combien de frites y avait-il dans le paquet lorsque Dave l'a acheté ?	48
Les lundis, mercredis et vendredis, l'étudiant Kimo a trois cours d'une heure par jour. Les mardis et jeudis, il a deux cours de 2 heures chaque jour. S'il y a 16 semaines d'école par semestre, combien d'heures Kimo consacre-t-il à ses cours durant un semestre ?	272
Chaque jour, Bill prépare 300 petits pains, 120 croissants au chocolat et 60 baguettes. Les petits pains mesurent 4 pouces chacun, les croissants 6 pouces chacun et les baguettes deux pieds chacun. Si Bill met tous les produits de boulangerie bout à bout, quelle sera leur longueur en pieds ?	280
Pour nourrir les singes du zoo, le gardien commande des bananes à une ferme locale tous les 2 mois. S'il faut 200 bananes pour les macaques, 400 pour les gorilles et 100 pour les babouins, combien doit-il en commander pour tenir durant les 2 mois ?	1400
Blake et Kelly s'affrontent pour savoir qui peut courir le plus en 15 minutes. Ils décident de le faire sur un terrain de football de 100 yards de long. Blake fait 15 allers-retours. Kelly fait un aller-retour, puis décide qu'elle ne veut pas courir aux côtés de Blake. Elle commence donc à faire l'aller-retour en se limitant à la ligne des 40 yards. Elle le fait 34 fois. Combien de yards le gagnant a-t-il couru de plus que le perdant ?	80
Raphael est allé acheter des fournitures scolaires. Il a acheté 4 stylos de 1,5 $ chacun, 2 cahiers de 4 $ chacun et du papier bond pour 20 $. Combien Raphael a-t-il dépensé pour tout cela ?	34
Finn observe 11 têtards qui nagent dans l'étang. Il en voit soudain 6 sortir de dessous un nénuphar, puis 2 se cacher sous un rocher. Combien de têtards Finn peut-il maintenant voir dans l'étang ?	15
Un réservoir d'eau a une profondeur de 17 pieds le lundi. Le mardi, le réservoir contient 7 pieds d'eau en plus. Le mercredi, la profondeur de l'eau représente les deux tiers de ce qu'elle était le mardi. Quelle est la profondeur de l'eau du réservoir le mercredi ?	16
Anakin et Locsin sont allés à la plage aujourd'hui. Anakin a attrapé 10 étoiles de mer, 6 hippocampes et 3 poissons-clowns. Locsin a attrapé 5 étoiles de mer de moins qu'Anakin, 3 hippocampes de moins qu'Anakin et 2 poissons-clowns de plus qu'Anakin. Combien de poissons ont-ils attrapé tous les deux ?	32
Si un sac de billes coûte 20 $ et que le prix de départ augmente de 20 % tous les deux mois, combien coûtera un sac de billes après 36 mois ?	92
Plusieurs jouets sont disposés dans une chambre : 5 voitures rouges, 3 figurines et une poupée. La poupée coûte le prix des 3 figurines, et une voiture rouge coûte 4 $. Sachant qu'une figurine coûte 5 $, quelle est la valeur totale des jouets ?	50
Jackie se demande si elle doit faire ses déclarations d'impôts elle-même ou engager un comptable. En le faisant elle-même, elle pourra faire 3 heures de freelance en moins, ce qui représente un manque à gagner de 35 $ par heure. Le comptable lui demande 90 $. Combien d'argent aura-t-elle en plus si elle l'engage ?	15
Pour ses 30 ans, Elvira a choisi comme cadeau un nouvel ordinateur avec de nombreux accessoires. Elle dispose d'un budget de 1 500 € offert par toute sa famille et pense qu'elle pourra en garder un peu pour s'offrir un vêtement. Elle se rend dans un magasin d'informatique et choisit une appareil qui coûte 1090 € avec un écran, un clavier et une souris. Elle se procure également un scanner de 157 €, un graveur de CD de 74 € et une imprimante de 102 €. Combien d'argent lui restera-t-il pour ses vêtements ?	77
La voisine de Sandra lui remet un panier de 9 œufs chaque fois qu'elle garde sa fille. Pour faire un flan espagnol, Sandra a besoin de 3 œufs. Si elle a été chargée de faire 15 gâteaux à la crème pour la collecte de fonds de son école, combien de fois doit-elle garder l'enfant ?	5
Seth est 2 fois plus âgé que Brooke. Dans deux ans, la somme de leurs âges sera de 28 ans. Quel est l'âge de Seth ?	16
Jimmy a 2 $ de plus que le double de l'argent d'Ethel. Si Ethel a 8 $, combien d'argent a Jimmy ?	18
En dehors du weekend où il marche 10 miles, Pancho fait 20 miles tous les jours. Combien de miles parcourt-il à la marche en une semaine ?	120
La fanfare commande de nouveaux uniformes. Chaque uniforme comprend un chapeau qui coûte 25 $, une veste trois fois plus chère que le chapeau et un pantalon dont le prix équivaut à la moyenne des prix du chapeau et de la veste. Quel est le coût total de chaque uniforme ?	150
Jake se promène dans le musée d'entomologie. Il voit 80 araignées à 8 pattes, 90 insectes à 6 pattes, et 3 invertébrés mutants rares à 10 pattes. Combien de pattes Jake voit-il au total ?	1210
Il y a quatre oiseaux au Caboose. Sally Two a trois ans de plus que Granny Red. Granny Red est deux fois plus âgée que Sally Four. Si Sally Four a le même âge que Sally Thirtytwo, et que Sally Thirtytwo a 8 ans, quel est l'âge total des quatre oiseaux ?	51
Jessica se demande combien d'argent elle doit payer chaque mois pour couvrir toutes ses dettes. Le paiement minimum de son prêt étudiant est de 300 $ par mois, celui de sa carte de crédit est de 200 $ par mois et celui de son prêt hypothécaire est de 500 $ par mois. Si Jessica veut payer 50 % de plus que le minimum, combien doit-elle payer en un an ?	18000
Billy épluche et découpe des pommes de terre afin de préparer une salade de pommes de terre pour son grand barbecue de famille. Comme il s'agit d'un événement important, il a 60 pommes de terre à éplucher. Les pommes de terre sont à peu près de la même taille, il faut donc à peu près le même temps pour les éplucher et les découper. Il faut à Billy environ une minute et demie pour éplucher une pomme de terre, mais seulement 5 secondes pour la couper. Combien de temps faut-il à Billy pour finir de préparer les pommes de terre ?	95
Juan et son frère Carlos vendent de la limonade. Pour chaque gallon ils dépensent 3 $ en citrons et 2 $ en sucre. Ils obtiennent 20 verres de limonade et les vendent à 0,50 $ le verre. S'ils ont réalisé un bénéfice de 25 $, combien ont-ils dépensé pour les citrons ?	15
Dans une course réunissant 240 asiatiques, 80 d'entre eux étaient japonais et les autres chinois. Si le nombre de garçons dans l'équipe chinoise était de 60, combien de filles y avait-il dans cette même équipe ?	100
Zaid dépense 1/4 de son salaire pour le loyer, 1/3 pour le carburant de sa voiture et fait don de la moitié du montant restant à son association caritative préférée. Il donne 200 $ à sa fille pour ses dépenses hebdomadaires et 700 $ à sa femme pour l'épicerie et les autres produits ménagers. Si Zaid gagne 6 000 $ par mois, combien d'argent lui restera-t-il après toutes ces dépenses et ces dons ?	350
Rani a dix crabes de plus que Monique, laquelle a 4 crabes de moins que Bo. Sachant que Bo a 40 crabes, calcule le nombre total de crabes.	122
Lloyd gagne 10 $ de l'heure en donnant des cours particuliers de mathématiques. Il a donné 5 heures de cours la première semaine et 8 heures la semaine suivante. Combien a-t-il gagné pour les deux premières semaines ?	130
Deux candidats briguent le poste de délégué de classe à l'école de Sarai. Si le gagnant a obtenu 3/4 des voix et que le nombre total d'élèves ayant voté est de 80, calculez le nombre de voix obtenues par le perdant.	20
Sandra, la fleuriste du coin, est très mécontente de la livraison incomplète effectuée par Fred. Sandra avait commandé quatre fois plus de roses rouges que d'œillets blancs. Elle avait également commandé 200 lys de calla roses, soit cinq fois la quantité d'œillets blancs. Sandra a menacé de changer de fournisseur si les roses rouges manquantes ne sont pas livrées avant 17 heures. Pour garder Sandra comme cliente, combien de roses rouges Fred doit-il livrer avant 17 heures ?	160
Jean a deux ans de plus que Marc. Il y a deux ans, Marc avait 5 ans de plus que la moitié de l'âge de Jan. Si Jan a 30 ans, quel âge a Jean ?	23
Deux équipes d'athlétisme s'affrontent dans un relais de 4 x 400 mètres, une course où chaque équipe compte quatre membres qui courent chacun 400 mètres, ou un tour de piste standard. L'une des deux équipes est très bien rodée et chacun de ses membres fait ses 400 mètres en 55 secondes exactement. L'autre équipe est moins bien rodée. Son premier coureur fait 400 mètres en 60 secondes, puis chaque coureur suivant est 3 secondes plus rapide que le précédent. Sur la base de ces informations, en combien de secondes l'équipe la plus rapide gagnera-t-elle ?	2
Jerry lance un dé à six faces. Quelle est la probabilité (en pourcentage) qu'il obtienne un nombre supérieur à 3 plutôt qu'un nombre pair deux fois de suite ?	25
Jenna et sa mère ont cueilli des pommes dans leur ferme. Jenna a ramassé deux fois moins de pommes que sa mère. Si sa mère en a ramassé 20, combien de pommes ont-elles ramassé en tout ?	30
Russell travaille dans une animalerie et distribue de la paille aux rongeurs. Les rats sont répartis dans 3 cages par groupes de taille égale et chaque rat reçoit 6 morceaux de paille. Il y a 10 cages de hamsters. Chacun d'eux est seul dans sa cage et reçoit 5 morceaux de paille. Il y a aussi un enclos de lapins où l'on distribue 20 morceaux de paille. Aucune paille n'est utilisée ailleurs dans le magasin. Si 160 morceaux de paille ont été distribués aux petits rongeurs, combien de rats y a-t-il dans chaque cage ?	5
Mandy a une dette de 100 $ envers Benedict. Ils ont convenu d'un intérêt mensuel de 2 %. Si Mandy est en mesure de payer cette somme au bout de 3 mois, quel montant doit-elle donner à Benoît ?	106
Un commerçant achète quelques sacs de blé à un agriculteur au prix de 20 $ le sac. Sachant que le transport d'un sac de la ferme à l'entrepôt coûte 2 $ et que tous les sacs ont été vendus à 30 $ le sac pour un bénéfice total de 400 $, combien de sacs a-t-il vendus ?	50
Trois amis ont dépensé 20,25 $ pour 3 billets d'entrée à la foire. Ils ont également dépensé 4,50 $ de moins pour la nourriture qu'ils n'en ont dépensé pour les billets. Ils ont également fait 2 tours de manège à 33 $ le tour. S'ils ont convenu de partager les frais équitablement, combien chacun a-t-il payé ?	34
Jean cueille des pêches pendant 3 heures. Il ramasse 2 pêches par minute. Combien de pêches a-t-il ramassé ?	360
Les canards ont besoin de manger 3,5 livres d'insectes par semaine pour survivre. Combien de livres d'insectes faut-il par jour à un troupeau de dix canards ?	5
Tom plante 10 arbres par an. Il abat également 2 arbres chaque année. Il commence avec 50 arbres. Au bout de 10 ans, 30 % des arbres meurent. Combien d'arbres lui reste-t-il ?	91
Sue habite un quartier où règne la bonne humeur. Au cours d'un certain week-end, les voisins ont décidé de lui faire une farce. Le vendredi matin, ils ont placé 18 flamants roses en plastique dans son jardin. Le samedi matin, les voisins ont repris un tiers des flamants roses qu'ils ont peints en blanc et replacés dans le jardin de Sue. Puis, le dimanche matin, ils ont ajouté 18 autres flamants roses en plastique à la collection. À midi, le dimanche, quelle quantité de flamants roses en plastique y avait-il de plus que celle des flamants blancs ?	24
Violetta veut acheter de nouveaux crayons. Elle en a besoin dans 5 couleurs différentes et a prévu 20 $ pour cet achat. Sachant qu'un crayon coûte 2 $, combien aura-t-elle de monnaie ?	10
Un stylo coûte autant qu'un crayon et une gomme réunis. Si un crayon coûte 1,20 $ et une gomme 0,30 $, quel sera le prix de 8 stylos ?	12
Il faut distribuer 200 livres de carottes à 40 restaurants d'une certaine ville. Si chaque restaurant doit recevoir 2 livres de carottes, combien de livres de carottes ne seront pas utilisées ?	120
Dans la ville de Soda, il y a exactement 23 786 habitants. 8 417 d'entre eux sont des hommes et 9 092 des femmes. Le reste de la population est composé d'enfants. Combien d'enfants y a-t-il à Soda ?	6277
Au départ, Elaine avait 20 cartes Pokemon. Elle en a collecté trois fois plus au bout d'un mois. Au cours du deuxième mois, elle a collecté 20 cartes de moins que celles collectées le premier mois. Enfin, au cours du troisième mois, elle a collecté deux fois le nombre total de cartes collecté les deux premiers mois. Combien de cartes Pokemon possède-t-elle maintenant ?	320
Marc est un réviseur. Il révise le même nombre de phrases chaque semaine pour deux éditeurs différents, qui le paient chacun à un taux différent. L'éditeur B paie Marc deux fois plus que l'éditeur A. Marc édite un total de 1 000 phrases par semaine, tandis que l'éditeur A lui verse 5 cents par phrase. Combien Marc gagne-t-il en une semaine, en centimes ?	7500
Baldur puise de l'eau d'un puits. Il en tire 5 seaux le matin et 6 seaux l'après-midi. Si chaque seau contient 5 litres d'eau, combien de litres d'eau récupère-t-il chaque jour ?	55
Jean reçoit un prix au travail. Ce prix consiste en une prime unique de 5 000 $ et une augmentation de salaire de 5 %. S'il gagne 2 000 $ par semaine, chaque semaine de l'année, et qu'il a reçu le prix le premier jour de l'année, combien d'argent a-t-il gagné cette année-là ?	114,200
Josie cultive des raisins dans sa ferme de 10 acres. Elle y produit 5 tonnes de raisin par an sur chaque acre, et chaque tonne de raisin produit 2 barils de vin. Combien de barils de vin sa ferme produit-elle par an ?	100
Le fromage est l'aliment préféré de Carl. Il a mangé un sandwich tous les jours de la semaine au déjeuner et a utilisé 2 tranches de fromage dans chaque sandwich. Il a mangé des omelettes au fromage et aux œufs pour le petit déjeuner 3 jours dans la semaine, en utilisant une tranche de plus par omelette qu'il n'en a utilisé par sandwich. Il a fait un grand plat de macaroni au fromage pour assurer plusieurs dîners cette semaine et a utilisé 8 tranches de fromage dans sa préparation. Combien de tranches de fromage a-t-il utilisées en tout ?	31
Janet disposait de 22 stylos verts et de 10 stylos jaunes. Elle a ensuite acheté 6 sacs de stylos bleus et 2 sacs de stylos rouges. Chaque sac de stylos bleus en contenait 9 et chaque sac de stylos rouges 6. De combien de stylos Janet dispose-t-elle maintenant ?	98
Brinley est dans la classe de mathématiques de M. Bert. Ce dernier fait passer six tests par semestre. Il autorise les élèves à retirer la plus mauvaise moyenne de chaque semestre. Si, lors des cinq premiers tests, Brinley a obtenu des notes de 89, 71, 92, 100 et 86, quelle note doit-elle obtenir au sixième test pour avoir une moyenne de 93 ?	98
Micheal adore faire du vélo. Il en fait au moins 5 fois par semaine et fait 25 kilomètres à chaque fois. Il l'a fait pendant quatre semaines, puis il a décidé de n'en faire que 2 fois par semaine, mais en parcourant 60 kilomètres à chaque fois, ce qu'il a fait pendant 3 semaines. Combien de kilomètres Micheal a-t-il fait au total ?	860
Le sac de bonbons d'Halloween de Joe contient 25 barres de chocolat et 80 pommes confites. Chaque barre de chocolat pèse deux fois plus qu'une pomme confite. Si la barre de chocolat pèse 40 g, quel est le poids, en grammes, du sac de bonbons de Joe ?	2600
Lundi, Rose est allée acheter 4 gâteaux dans un magasin. Mardi, elle a acheté trois fois plus de gâteaux dans un magasin différent. Mercredi, elle s'est rendue dans un autre magasin et a acheté 5 fois la quantité de gâteaux achetée mardi. Combien de gâteaux a-t-elle acheté au total durant ces trois jours ?	76
Vingt douzaines de tasses ont coûté 1 200 $ de moins que le coût total d'une demi-douzaine d'assiettes vendues à 6 000 $ chacune. Calculez le prix d'une tasse.	145
Sara veut s'acheter une nouvelle veste et 2 paires de chaussures. La veste qu'elle a choisie coûte 30 $ et chaque paire de chaussures coûte 20 $. Sara garde les enfants du voisin 4 fois et gagne 5 $ à chaque fois. Ses parents lui donnent 4 $ chaque fois qu'elle tond la pelouse. Si Sarah avait déjà 10 $ d'économies avant de commencer à faire du baby-sitting, combien de fois doit-elle tondre la pelouse avant de pouvoir s'offrir la veste et les chaussures ?	10
Jerry a un élevage de poulets. Les poules rouges produisent 3 œufs par jour, et les blanches 5 œufs par jour. Jerry ramasse chaque jour 42 œufs. S'il a deux poulets blancs de plus qu'il y en a de rouges, combien de poulets rouges a-t-il ?	4
Gary aime se promener au bord du parc local, qui a la forme d'un rectangle de 1,5 miles sur 6. S'il marche à 3 miles par heure, combien d'heures de marche effectue-t-il ?	5
Au magasin à un dollar, Sloane compte 100 clients qui entrent dans le magasin. Le lendemain, elle en compte 50 de plus que le premier jour. Si le troisième jour, le nombre total de clients était de 500, combien de clients a-t-elle comptés ce jour-là ?	250
Jerry a deux piscines, toutes deux avec des fuites qui les vident à une vitesse de 4 gallons par minute. Il y a 4 minutes, la grande piscine avait deux fois plus d'eau que la petite. A présent, elle en a quatre fois plus. Quelle est la quantité d'eau de la petite piscine maintenant ?	8
Lori veut acheter une paire de chaussures à 320,00 $ et une ceinture assortie à 32,00 $. Son emploi à temps partiel lui rapporte 8,00 $ de l'heure. Combien d'heures devra-t-elle travailler avant de pouvoir faire ses achats ?	44
Janeth a emprunté 2 000 $ et a promis de les rendre avec un supplément de 10 % du montant. Si elle doit payer 165 $ par mois pendant 12 mois, combien d'argent restera-t-il à Janeth d'ici là ?	220
Il y a 4 roses dans le vase et 7 dahlias de plus qu'il n'y a de roses. Combien de fleurs y a-t-il au total dans le vase ?	15
L'âge d'Adrian est trois fois supérieur à celui de Harriet, qui a quant à elle la moitié de l'âge de Zack. Calculez l'âge moyen que les trois auront dans trois ans, si Harriet a actuellement 21 ans.	45
Quatre élèves ont marqué un total de 251 points dans un jeu de société. Naomi en a marqué 68. Yuri a marqué 10 points de plus que la moitié de ceux de Naomi, et Brianna 17 de plus que Naomi. Combien de points Jojo a-t-il marqué ?	54
Il faut à Carmen 10 minutes pour finir une grille de mots croisés et 5 minutes pour une grille de sudoku. Durant le week-end, elle a résolu 3 grilles de mots croisés et 8 grilles de sudoku. Combien de temps a-t-elle passé à jouer à ces jeux ?	70
Un réservoir d'eau contient 120 litres d'eau. Céline en a utilisé 90 litres pour arroser son petit jardin. Elle a ensuite pu récupérer l'eau de pluie qui est deux fois plus importante que ce qui restait. Combien de litres d'eau y a-t-il maintenant dans la citerne ?	90
Andy plante 90 géraniums et 40 pétunias de moins que les géraniums. Combien de fleurs plante-t-il au total ?	140
Une entreprise dépense 15 000 dollars en publicité pendant un an, puis dépense un tiers de cette somme en publicité pendant une autre année. Quel est le montant total que l'entreprise a dépensé en publicité au cours de ces deux années ?	20000
Carlos et Benji sont à la plage. Carlos loue un canoë à 30 dollars de l'heure et Benji loue un bateau banane à 18 dollars de l'heure. Si Carlos utilise son embarcation pendant 3 heures et Benji la sienne pendant 5 heures, à combien s'élèvera le montant total de leurs locations ?	180
André prévoit un voyage en voiture du New Jersey à Rochester. Il lui faut 6 jours pour voyager en bus et la moitié de ce temps pour un voyage en voiture. Combien de jours de voyage lui faudra-t-il s'il prévoit d'aller à Rochester en bus et de rentrer en voiture ?	9
James compte ses cartes Pokemon. Il en a 30 de type feu, 20 de type herbe et 40 de type eau. S'il perd 8 cartes de type eau et en achète 14 de type herbe, quel est le pourcentage de chance (arrondi au nombre entier le plus proche) qu'une carte choisie au hasard soit de type eau ?	33
Pour son déjeuner, Chad a commandé un burrito à composer. Le burrito de base coûte 6,50 $. Il ajoute en supplément 2 $ de viande, 1,00 $ de fromage, 1,00 $ d'avocat et 2 sauces à 0,25 $ la sauce. Il choisit l'option premium pour 3,00 $ de plus, ce qui lui permet d'ajouter des frites et une boisson. Il possède une carte cadeau de 5,00 $ qu'il utilise à la caisse. Combien lui reste-t-il à payer ?	9
Kalinda tente de réaliser un puzzle de 360 pièces avec sa mère. Elle est capable de placer 4 pièces par minute. Sa mère en place deux fois moins par minute. Combien d'heures leur faudra-t-il pour terminer ce puzzle ?	1
Une ferme de pastèques a produit 120 bébés pastèques. Ashlyn s'est rendue à la ferme après deux mois et a constaté que 30 % des pastèques étaient prêtes à être récoltées et les a donc ramenées chez elle. À son retour, deux semaines plus tard, 3/4 des pastèques restantes étant prêtes, elle les a récoltées. Combien de pastèques n'étaient pas encore prêtes pour la récolte après ces deux semaines ?	21
Marc achète une flotte de 12 voitures pour son entreprise. Chaque voiture se vend 20 000 $. Il paie 10 % de taxe sur les voitures, puis 1 000 $ de plus pour l'immatriculation de chacune d'elles. Combien dépense-t-il en tout ?	276,000
Kylie et Robert aiment aller ramasser des coquillages à la plage. Lundi, Kylie ramasse 5 coquillages de plus que Robert qui lui, en ramasse 20. Mardi, Kylie ramasse 2 fois plus de coquillages qu'elle en a ramassé lundi. Combien de coquillages Kylie a-t-elle ramassés mardi ?	50
Dax est allé cueillir des pommes à la ferme et a trouvé deux fois moins d'insectes que de fourmis dans le jardin. S'il y avait 50 fourmis, calcule le nombre total d'insectes dans le jardin.	75
Il y a 36 pingouins qui prennent un bain de soleil dans la neige. Un tiers d'entre eux plongent et nagent dans l'océan. Un autre tiers va à l'intérieur de la grotte pour y manger son dîner. Combien de pingouins continuent à prendre le bain de soleil ?	12
Steve veut désormais manger plus de tomates et décide de faire pousser ses propres tomates cerises. Il en mange deux fois plus que sa copine à raison de 6 par jour. Sachant qu'une vigne produit 3 tomates par semaine, combien de vignes lui faudra-t-il ?	21
Jean commande des pizzas pour les partager avec ses amis. Il y a 20 amis au total, et Jean veut s'assurer que chacun aura 4 parts. Si les pizzas ne sont vendues que coupées en 8 parts, combien de pizzas Jean doit-il commander ?	10
Ram utilise de nombreux stylos. Il a découvert qu'il pouvait économiser de l'argent en mélangeant l'encre de cinq stylos vides pour fabriquer un stylo plein. S'il achète 25 stylos qu'il utilise pour fabriquer de nouveaux stylos lorsque l'encre est épuisée, combien de stylos obtiendra-t-il au total ?	31
Johnny a pris son allocation de 20 $, à laquelle il a ajouté 10 $. Il a ensuite investi cette somme, qui a triplé en un an. Combien d'argent avait-il au bout d'un an ?	90
Marie a deux ans de moins que Jeanne, qui a cinq ans de plus que Jessa. Si Jessa a 20 ans, quelle est la somme des âges des trois filles ?	68
Le bâtiment d'une école abrite 1 000 élèves. Ce bâtiment a 3 entrées A, B et C, qui servent également de sorties. Si, après une réunion, 30 % des élèves sortent du bâtiment par la sortie A, 3/5 par la sortie B et le reste par la sortie C, calculez le nombre d'élèves qui ont emprunté la sortie C.	280
Jacques a 6 bonbons de plus que Robert. Jean en a deux fois plus que Robert. Si Jean a 54 bonbons, combien a-t-il de bonbons de plus que Jacques ?	21
Dolly a deux livres. Pandore n'en a qu'un. Si Dolly et Pandore lisent les livres les unes des autres ainsi que les leurs, combien de livres auront-elles lu en tout à la fin ?	6
Mike a été le correspondant de 5 personnes et a ensuite cessé de correspondre avec 2 d'entre elles. Les autres envoient chacune 2 lettres de 5 pages toutes les semaines. Il leur répond de la même façon. S'il peut écrire une page toutes les 6 minutes, combien d'heures passe-t-il à écrire par semaine ?	3
Jason a un forfait téléphonique de 1 000 minutes par mois. Chaque jour, il communique avec son patron pendant 15 minutes et ce mois-ci, il a passé 300 minutes d'appels supplémentaires à d'autres personnes. Combien de minutes reste-t-il à Jason si ce mois compte 30 jours ?	250
Griffin avait 24 frites mais Kyle en a pris 5. Billy en a pris deux fois plus que Kyle. Ginger a donné à Griffin une poignée de ses frites, puis Colby a pris à Griffin 3 frites de moins que le nombre de frites qu'avait pris Kyle. Si, au final, Griffin disposait de 27 frites, combien de frites Ginger a-t-elle donné à Griffin ?	20
Il y a 4 escargots dans un aquarium et 32 dans un autre. La différence entre les quantités d'escargots dans les deux aquariums est égale à deux fois la somme des poissons dans les deux aquariums. Si les deux aquariums contiennent le même nombre de poissons, combien de poissons y a-t-il dans chaque aquarium ?	7
La maquilleuse de Jeanne lui facture 250 $ de l'heure. Elle a besoin d'un maquillage très coûteux pour un film dans lequel elle joue et cela lui prend 6 heures par jour. Elle doit le faire 4 fois par semaine. Le film dure 5 semaines. Une fois le film terminé, la maquilleuse accorde à Jeanne une remise de 10 % en raison de la quantité de travail effectuée. Combien Jeanne a-t-elle payé ?	27000
Isabelle a acheté des fournitures pour la fête d'anniversaire de sa petite sœur. Elle a dépensé 12 $ pour les ingrédients du gâteau, 43 $ pour les cadeaux d'anniversaire, 15 $ pour les décorations, 4 $ pour les invitations et 22 $ pour les sacs de goodies destinés aux invités. Elle a partagé le coût en trois, entre elle et ses deux parents. Combien chaque personne a-t-elle payé ?	32
Un chef a acheté 4 sacs d'oignons de 50 livres chacun. Si une livre d'oignons coûte 1,50 $, combien a-t-il dépensé ?	300
Lundi, Sue a mangé 4 fois plus de biscuits que sa sœur. Mardi, elle en a mangé deux fois plus que sa sœur. Sa sœur a mangé 5 biscuits lundi et en a mangé 13 le lendemain. Si 1 biscuit contient 200 calories, combien de calories de plus que sa sœur Sue a-t-elle consommées ?	5,600
