ジャネットのアヒルは1日に16個の卵を生みます。ジャネットは毎朝朝食の一環で3個を消費し、毎日4個使って友達向けにマフィンを焼きます。残りを市場で1個あたり2ドルの価格で売ります。彼女は毎日市場でいくら手に入れていますか？	18
ローブを作成するには、青色の繊維を2巻分、白色の繊維をその半分用いる必要があります。全体で何巻必要ですか？	3
ジョッシュは不動産の売買に挑戦してみることにしました。8万ドルで家を購入し、5万ドルかけて修繕しました。その結果、家の価格は150%分増えました。ジョッシュの利益はいくらでしょうか？	70000
ジェイムズは週に3回、毎回3本のスプリントを走ることに決めました。スプリントごとに60メートル走ります。ジェイムズは1週間で何メートル走るでしょうか？	540
毎日、ウェンディは飼っている鶏に対して、健康維持のため、種、ミールワーム、野菜を含む混合試料を3カップ分与えています。鶏への餌は3回に分けて与えています。朝、鶏全体に対して15カップ分の餌を与えます。午後、さらに25カップ分の餌を与えます。仮にウェンディの鶏の総数が20羽だった場合、3回目の餌やりでは何カップ分与える必要があるでしょうか？	20
カイラーは新しいアパート用にグラスを買いに店に出かけました。グラスは1つあたり5ドルかかりますが、1つ買うと2つ目は本来の60%の価格で買えます。カイラーはグラスを16個買おうとしています。総額はいくらになるでしょうか？	64
トゥルーズはチャールストンに比べ2倍の数の羊を飼っています。チャールストンはシアトルに比べ4倍の数の羊を飼っています。シアトルが飼っている羊の数が20頭だったとしたら、トゥルーズ、チャールストン、シアトルが飼っている羊の総数は何頭でしょうか？	260
カーラは200ギガバイトのファイルをダウンロードしダウンロードしようとしています。通常であれば1分あたり2ギガバイトの速度でダウンロードが可能なのですが、ダウンロードが40%進んだところで、ウィンドウズがアップデートのインストールのため20分かけて再起動してしまいます。その後、カーラは最初からダウンロードをし直すことになりました。ファイルのダウンロードにはどれほどの時間がかかりますか？	160
ジョンは時速60マイルで3時間車を運転した後に、自宅に非常に大事なものを忘れたことに気づいたため引き返します。4時間以内に自宅に戻ろうとしますが、最初の2時間は大渋滞で動けません。次の30分間を時速30マイルで運転し、その後時速80マイルで自宅に向かいました。4時間が経過したタイミングで、ジョンは自宅から何マイル離れていることになりますか？	45
エライザの時給は、週の最初の40時間は、10ドルです。残業代は通常の1.2倍の給料が支払われます。エライザが今週45時間働いたとしたら、彼女が手にできる給料はいくらでしょうか？	460
新規のプログラムが最初の月は60回ダウンロードされました。2か月目にはダウンロード回数は3倍に膨れ上がりましたが、3か月目は30%減少しました。3か月間でプログラムのダウンロード回数は合計何回だったでしょうか？	366
トゥーラはパン屋さんに行き、様々なペーストリーを買いました。12個あたり68ドルかかるドーナッツを36個、12個あたり80ドルかかるミニカップケーキを24個、12個あたり55ドルかかるミニチーズケーキを72個購入しました。合計金額はいくらだったでしょうか？	694
カルロスはレモンの木を植えようとしています。レモンの木は植えるのに90ドルかかります。毎年7個のレモンがなり、1つあたり1.5ドルで売れます。木に水をやり肥料を与えるのに1年間で3ドルかかります。カルロスがレモンの木で収益を得るようになるには何年かかりますか？	13
メラニーは訪問販売員です。販売中の掃除機のうち、緑の家で3分の1、赤の家で2台、オレンジの家で残数の半分を販売しました。メラニーの手元に掃除機が5台残っている場合、販売開始時点で何台持っていたことになりますか？	18
20人の生徒からなるダンスクラスで、20%がコンテンポラリーダンス、残りの生徒のうち25%がジャズダンス、その残りがヒップホップダンスを学んでいます。生徒全体のうちヒップホップダンスを学んでいる人の割合は何ですか？	60
ある商人が、5,000ドルの宝石と8,000ドルの電化製品という2つの仕入れ計画から1つを選択しようとしています。商人の金融アドバイザーの推測によれば、今後同じ月の間に、宝石の価格は2.5%、電化製品の価格は1.2%上昇します。この月の終わりに利益を最大化できるよう仕入れ計画を選択するとすると、その利益はいくらになりますか？	125
サンラファエルを2つの電車が同時に出発します。いずれも西の方向に向かって80マイル走行します。次の日、北の方向に向かって150マイル進みました。それぞれの電車が2日間で走行した距離は何マイルですか？	230
ジルは、教員としては時給20ドル、チアリーディングコーチとしては時給30ドル受け取ります。ジルが年間50週間働き、1週間に35時間を教員、15時間をコーチとして働いた場合、年間の給料はいくらになりますか？	57500
クレアは毎朝朝ごはん用に卵を3つ使ったオムレツを作ります。クレアは4週間で卵を何個食べることになりますか？	7
マリッサは12マイルにわたるハイキングをします。最初の4マイルを歩くのに1時間かかり、次の2マイルを歩くのにまた1時間かかりました。1時間あたり平均4マイルの時速で歩きたい場合、残りの距離はどれくらいの速度（1時間あたりのマイル数）で歩かないといけませんか？	6
3分の2が水からなる10リットルのオレンジジュースがあります。5分の3が水からなる15リットルのパイナップルドリンクにこれを加えようとしています。注いでいる途中でオレンジジュースを1リットルこぼしてしまいました。残り24リットルのうち水はどれくらい含まれていますか？	15
レイモンドとサマンサはいとこ同士です。レイモンドはサマンサより6年間早く生まれました。レイモンドには23歳の時に息子ができました。サマンサが今31歳だとしたら、レイモンドの息子が生まれたのは何年前のことですか？	14
ビリーはDVDを売ります。彼は火曜日に8人のお客様がいます。彼の最初の3人のお客様はそれぞれ1枚のDVDを購入します。彼の翌日の2人の顧客は2枚のDVDをそれぞれ購入しました。の最後の3人のお客様はDVDを購入しません。ビリーは火曜日に何枚のDVDを売りましたか？	7
蝋燭は1時間燃えるごとに、2センチ溶けます。午後1時から、午後5時までに燃えた蝋燭は、何センチ短くなるでしょう？	8
カイルは去年、ベストセラーの本を$19.50で購入しました。元の価格よりも25%安値です。この本の元の価格はいくらですか？	26
マリーは$12のチキンのメニューを1つ、それぞれ$3の牛乳を5パック、それぞれ$1.5のリンゴを4つ、そしてピザを何箱か頼みました。マリーは全部で$50払いました。ピザが1箱$8.50だとしたら、マリーは何箱ピザを頼みましたか？	2
ミシュカは半ズボンを3本、長ズボンを3本、靴を3足買いました。半ズボンは1本$16.50でした。長ズボンは1本$22.50で、靴は1足$42でした。すべての衣類にいくら使いましたか？	243
シンシアは毎晩アイスを一食分食べます。彼女は1カートン15食分入りのアイスクリームを、1カートンあたり$4で買いました。彼女は60日後、アイスクリームにいくら使うことになりますか？	16
ヘンリーは60マイルを走る自転車の旅の途中、2か所で停まります。彼は最初に20マイル走った後、停まりました。2か所目は、旅の終着点から15マイル手前の地点でした。1か所目と2か所目は何マイル離れていますか？	25
グロリアは、靴を買いにきており、予算に合うブーツを1足見つけました。しかし彼女は、ブーツと、両方合わせてブーツよりも5ドル安い、2足のハイヒールのどちらかを選ばなければなりません。もしも片方のヒールが$33で、もう1組はその2倍の値段だとすると、ブーツはいくらですか？	104
ダレルとアレンの年齢は、7:11の割合です。彼らの年齢の合計が現在、162の場合、10年後アレンの年齢はいくつになるか計算しなさい。	109
ガンターは瓶のジェリービーンズを数えようとしています。友達に、いくつ瓶に入っていると思うか聞きます。ある人は、80と答えます。別の人は、1人目の答えの半分よりも、20多いと答えます。3番目の人は、1人目の回答の25%増だと言います。3人の予想の平均値は何ですか？	80
ジョンは10匹の犬の面倒を見ています。各犬のために、1日に30分かけて散歩とそれぞれの世話をする必要があります。彼は1週間に何時間、犬の面倒を見ていますか？	35
グレッチェンは110枚のコインを持っています。金のコインは銀のコインよりも30枚多いです。グレッチェンは金のコインを何枚持っていますか？	70
シヴォーンが持つ宝石の数は、アーロンよりも2個少ないです。アーロンはレイモンドよりも、5個多く宝石を持っています。もしもレイモンドが40個の宝石を持っている場合、シヴォーンはいくつ宝石を持っていますか？	23
マイクは卓球を40分します。最初の20分に、彼は4ポイント得点します。次の20分では、彼は25%多く得点しました。全部で何ポイント得点しましたか？	9
テリーは1日に2つヨーグルトを食べます。現在ヨーグルトは4つで$5のセール中です。彼は30日分のヨーグルトにいくら使いますか？	75
ジョンは自分のすべてのおもちゃを売り、そのお金でビデオゲームを買う予定です。彼は13個のレゴセットを持っており、$15でそれぞれ売ります。彼は最終的に、$20のビデオゲームを8個買い、$5残りました。彼は現在、何個のレゴセットを持っていますか？	2
ジョンは週に60マイル走ります。週に3日走ります。最初の日は3時間走り、その他の2日は半分走ります。彼の走る速度はどれくらいですか？	10
ダナは、徒歩の時よりも4倍の速さで走ることができますが、走る速度の半分の速さでスキップすることができます。彼女が1時間に3マイルの速度でスキップできる場合、3分の1の時間を走り、3分の2を歩くとしたら、6時間で何キロ進めますか？	18
ブランドンのiPhoneはベンのiPhoneの4倍古いです。ベンのiPhoneはスージーのiPhoneよりも2倍古いです。スージーのiPhoneが利用して1年目なら、ブランドンのiPhoneは何年目ですか？	8
その大きなドラゴン、ペルグはファーボ山の頂上に座り、1000フィート内にいるものすべてに火を吹きました。ポリーは、ドラゴンを削げる唯一の武器として知られる金の槍を、400フィート投げることができました。その距離はドラゴンの炎が十分届く範囲です。しかし、ポリーがサファイアの宝石を持っている場合は、持たない時よりも槍を3倍遠くに投げることができました。宝石を持っていた場合、ポリーはドラゴンの炎が当たる範囲からどれくらい離れて、金の槍をドラゴンに当てることができますか？	200
ジョーンズおばあちゃんは消防士の昼食会のためにアップルパイを5枚焼きました。それぞれのパイを8個に切り分け、ゲストが自分たちで取れるよう、その5枚のパイをブッフェテーブルに置きました。ゲストがそれぞれのパイを取り、食べた後、夜更けには14個のパイが残っていました。ゲストは何個のパイを食べましたか？	26
栄養価情報によると、ポテトチップス1袋は、1食あたり250カロリーです。あなたの毎日のカロリー目標が2000だとして、あなたがすでに1800カロリー摂取している場合、5食入りの1袋300グラムのポテトチップスを何グラム食べることができますか？	48
チャーリーは蜜蝋を売りたいです。蜜蝋1ポンドあたり、彼は10本のテイパー型キャンドルを作れます。備品の蜜蝋と芯1ポンドあたり、$10.00のコストがかかります。彼は各キャンドルをそれぞれ$2.00で売るとしたら、20本のキャンドルを作って売った場合の純利益はいくらになりますか？	20
メレディスは健康のトピックについて書き、毎日クライアントに提出することが本業の、フリーランスのブロガーです。ブログ記事は、リサーチして執筆するために平均4時間かかります。先週、月曜日に彼女は5記事書き、火曜日は月曜日の2/5倍の記事を書きました。水曜日、彼女は火曜日に書いた記事の数の倍の数を書きました。3日間で彼女は合計何時間、記事を書くことに使ったのかを計算しなさい。	104
キャンディスはポストイットを80枚、コーヒーショップの仕事に向かう前に鞄に入れました。向かう途中、店に立ち寄り、ポストイットのパックを買いました。職場で、彼女は220個の様々なコーヒーカップにポストイットのメモを1枚ずつ貼りました。彼女に23枚のポストイットメモが残っていたとすると、彼女が購入したパックには何枚のポストイットメモが入っていましたか？	163
ジョンは、青いネクタイの2倍の数の赤いネクタイを買います。赤いネクタイは青いネクタイよりも50%高いです。彼はそれぞれ$40の青いネクタイに$200使いました。彼はネクタイにいくら使いましたか？	800
トレイシーは4フィートの長さのワイヤーを、庭でトマトの苗木を支えるために使っていました。ワイヤは今、6インチの長さに切り分けられています。彼女は幾つのワイヤを手に入れましたか？	8
リチャードは15階建てのマンションに住んでいる。各階には8部屋あり、建物の3/4が入居されている。建物で未入居の部屋は全部で何室あるか？	30
ロイドは卵牧場を持っている。彼の鶏は1日に252個の卵を作り、1ダース$2で売る。ロイドは卵で、週にいくら生み出すことができるか？	294
トムの船は1時間に10マイル進むことができる。彼は午後1時から4時まで航海しています。それから彼は、時速6マイルで帰路に着きます。彼が戻るまでに、どれくらいかかりますか？	5
ユーライアの本用の鞄は彼にとって重すぎになっている。彼は15ポンド底から取り除く必要がある。彼の漫画本はそれぞれ1/4ポンドで、おもちゃはそれぞれ1/2ポンドだ。彼が30冊の漫画本を取り除いたら、おもちゃはいくつ取り除く必要があるか？	15
整備士はトラックや車の修理に異なる料金を請求します。各トラックのタイヤの修理に整備士は$60、各車のタイヤの修理に整備士は$40請求します。木曜日、整備士は6個のトラックのタイヤと4個の車のタイヤを修理します。金曜日、整備士は12個のタイヤを修理しましたが、トラックタイヤは修理していません。整備士はより多くの収益をあげた日に、どれだけの多くの利益をあげましたか？	40
ダウトファイア姉妹は、母親が電話で彼女たちに、自宅の2匹の猫が子猫を生んだと伝える時、地元のシェルターから迎えた7匹の子猫をつれて、自宅へと運転中です。彼女は、最初の猫、パッチーが、迎えられた子猫の数の3倍の数の子猫を生んだと、また、別の猫トリクシーは、12匹の子猫を生んだと言います。ダウトファイア家には今何匹の子猫がいますか？	40
ジェーンは30個の飴を持っている。ジェーンはその飴のうち2つ食べる。残りの飴で、ジェーンは1つの袋に2つの飴を入れてセットにしたいと思っています。ジェーンは何袋用意できますか？	14
ピーターは今週映画に行く予定です。彼はいつも$7のチケットと$7のポップコーンを買います。彼がその週のために42ドル持っているとしたら、映画に何回行けますか？	3
木の橋は5000ポンドを超える重さに耐えられません。配達トラックはそれぞれ15ポンドの同じ箱を33個積んでおり、橋を渡ろうとしています。運転手と空のトラックを合わせた重さは3755ポンドです。橋の重量制限を超える事なく、トラックに積み込める箱は、最大何個になりますか？	83
スティーブンは食料品の注文をオンラインで行った。彼の最終的な請求書は$40.00だった。デリバリー会社を通したので、彼らが25%の手数料を最終的な総額に上乗せし、デリバリー料金として$3.00請求した。スティーブンはまた、$4.00チップを追加した。追加の手数料を足した後、スティーブンの食料品の注文の最終的な料金は？	57
ラズベリーの茂みには、それぞれ20の実がなった6つの房と、67の実が独立して実っている。ラズベリーは全部でいくつあるか？	187
かごには、1つだめになり、20%がまだ青く、2つが酸っぱく、残りがいい状態のオレンジが25個入っています。何個のオレンジがいい状態ですか？	17
ジャネットは娘にブローチを買う。彼女はそれを作る材料に$500払い、それから$800を宝石商に作ってもらうために払った。その後、彼女はそれに10%の保険をかけた。彼女はいくら支払った？	1430
マーシーが同じ会社で40年働くと、彼女は年に年金を$50,000もらえる。20年後から、彼女は年額5%の年金を受け取ることができるようになる。彼女が30年後にやめたら、彼女の年金は年額いくらになる？	25000
アリーナが毎月$140かかるストリーミングサービスをサブスクライブしている。最初の半年分を彼女が支払い、その後の半年をストリーミングサービスが10%割引料金で彼女に提供した場合、彼女がその年の終わりまでに、そのストリーミングサービスに支払った料金を計算しなさい。	1596
ソフィアはロードトリップをすることを考えており、1タンク分のガソリンでどれくらいの距離を走れるかを知りたいと思っています。彼女は最後にタンクを満タンにして以来、100マイル運転しており、再度タンクを満タンにするには4ガロン入れる必要がありました。車の持主用マニュアルには、タンクには12ガロンのガスが入ると書いてあります。ソフィアは1タンク分のガソリンで何マイル進むことができますか？	300
ジムはテレビを観て2時間過ごし、それからベッドに行ってその半分の時間読書します。これを週に3回行います。彼は4週間で、何時間テレビを観ることと読書に費やしますか？	36
バスケットボールの大会で、4校が競っている。各学校が女子バスケットボールチームと男子バスケットボールチームを参加させており、各チーム5人いる。各学校はまた、コーチも1人参加させている。すべての学校で、全部で何人の人間が参加しているか？	48
トレジャーハンターは、宝石が詰まった、埋葬された宝のタンスを見つけた。175のダイヤモンドと、それよりも35少ないルビー、ルビーの2倍の数のエメラルドがあった。タンスには全部でいくつの宝石があった？	595
ウェルツ博士の学校には、女の子の数の2倍の男の子がいます。女子が60人で、教師1人に生徒が5人なら、何人の先生がいますか？	36
ベイリーは最初、ある程度のお金があります。それから彼女は8週間、$5の手当てを毎週受け取ります。8週間の終わりには、彼女が全部で$100持っていたとしたら、ベイリーは最初、いくら持っていましたか？	60
ジュディは、平日は毎日5つのダンスのクラスを教えており、土曜日は8クラス教えています。もしも各クラスに15人の生徒がおり、1人に$15請求しているとしたら、彼女は1週間でいくら稼ぎますか？	7425
ケリーアンは料理の準備をするために2つのレシピがあり、1つ目は20の指示、2つ目は1つ目のレシピの2倍の指示がある。ケリーアンが2つの料理を準備するためには、どれだけの指示を読まなければいけないか？	60
トミーは1スライス$3のブラウニーと、$4のチーズケーキを売って、自分のチャリティーの費用を集めている。もしもトミーが43個のブラウニーと、23個のチーズケーキを売れば、トミーはいくら集められますか？	221
シーラは5つの携帯電話を3回払いで、それぞれ$150で購入した。各ユニットに、2%の利息が請求される。シーラは3カ月間、毎月いくら払うことになるか？	255
アーティーはファーマーズマーケットでフラワースタンドを開いています。彼は3種類の花、マリーゴールド、ペチュニア、ベゴニアを売っています。マリーゴールドは1鉢$2.74、ペチュニアは1鉢$1.87、ベゴニアは1鉢$2.12です。アーティーはお釣りを今日持っていないので、彼はすべてを、最も近いドル単位で価格設定することに決めました。もしもアーティーがマリーゴールドを12鉢、ペチュニアを9鉢、ベゴニアを17鉢売るとしたら、彼はいくら売ることができますか？	88
ルークは浜辺で砂の城を作り時間を過ごしている。彼は最終的に、砂の城の各階層は、その下の階層の半分の広さであると気付きます。もしも彼が、4階層の砂の城を作って、一番上の階の広さが16平方フィートの場合、各階層の平均の広さはどれくらいですか？	60
セシリアは新しい子犬を買ったばかりだ。彼女の獣医によると、彼女は子犬に毎日、最初の180日間は、ドッグフードを1カップ与える必要がある。それから、犬の寿命の残り期間、ドッグフードを2カップ与える必要がある。ドッグフード1袋に110カップ分入っている場合、セシリアは最初の1年間何袋のドッグフードがいるか？	5
レイモンドがサラが洗濯した分の半分洗濯をして、サラはデイビッドと同じくらい洗濯をした場合、サラが400ポンド洗濯をしたら、レイモンドとデイビッドの洗濯した量はどれだけの違いがありますか。	100
ビンセントは3本で$2.50のパッケージか、2本で$1のパッケージで花を買えます。よりお得な価格で、18本の花を買ったら、いくらお得になりますか？	6
ジョンは犬の里親になります。犬をトリマーに連れて行き、$100かかります。トリマーは彼に、新しい顧客用の30%割引を提供します。トリミングの費用はいくらになりますか？	70
2人の少女がそれぞれ24リットルの水を6分の1飲んだ。それから男の子が水を6リットル飲んだ。何リットルの水が残ったか？	10
チャーリーは10個のシールがあります。モールのストアで21個のシールを買い、誕生日に23個のシールをもらいました。それからチャーリーはそのうちの9個を妹にあげて、28個をグリーティングカードに使いました。チャーリーには何枚のシールが残っていますか？	17
グレースの体重は125ポンドです。アレックスの体重はグレースの体重の4倍よりも2ポンド軽いです。彼女達の体重の合計は何ポンドですか？	623
ダンはバラの苗を3つ植えます。それぞれのバラの苗には25本のバラがあります。それぞれのバラには8個のとげがあります。全部で何個のとげがありますか？	600
サッカーチームが22試合行った。彼らは負けた試合の数よりも8試合多く勝った。彼らは何回勝ったか？	15
ジーンはお土産のTシャツでキルトを縫っています。彼はバケーションに行くごとに1枚シャツを得ます。すべてのシャツがそれぞれのキルトのブロックとなります。各列に、異なる年のバケーションのブロックが使用されています。彼は23歳の時から年に4回バケーションに行っています。彼は現在34歳です。全部で何個のキルトのブロックがありますか？	44
グレッグはリマインダーとして、1日に3度アラームが鳴るようにセットしています。グレッグがオフにするまで鳴り続けます。今日最初にアラームがなり、4回鳴りました。2度目に鳴った時、1度目に鳴った回数の3倍長く鳴りました。3度目に鳴った時は、2度目の長さの半分鳴りました。全部で何回アラームは鳴りましたか？	22
ある企業は従業員に毎月$600払います。その会社は、5年間在籍した従業員の給料を毎年、当初の給料の10％ずつ増加させる方針を取り入れています。シルヴィーが、昨年の12月に、入社5年目を迎えた場合、彼女があと3年務めた後の年俸はいくらになりますか？	9360
マリリンの最初のレコードはハラルドの10倍売れました。彼らが合わせて88,000枚売っていた場合、ハラルドは何枚売りましたか？	8000
クリスティーナは誕生日会を計画しており、4分の1の出席者は参加しないので、各招待客につき.75個のギフトバッグが必要です。彼女は16人の友人を招待しました。ギフトバッグはそれぞれ$2です。彼女はいくら使うことになりますか？	24
ティラノザウルスのテッドは恐竜ピクニックにポテトサラダを持っていこうと計画していました。彼は大人の恐竜はポテトサラダを10lbs食べ、子供は大人の半分を食べるとわかっています。テッドが皆に十分食べてもらいたいと思っている場合、もしも20匹の大人と5匹の子供がピクニックに参加するなら、何ポンドのポテトサラダをピクニックに持っていく必要がありますか？	225
ジャンにはマルシアの3倍の数のペットを飼っています。マルシアはシンディーよりも2匹多くペットを飼っています。もしシンディーが4匹のペットを飼っているなら、3人は全部で何匹のペットを飼っていますか？	28
エミリーはエイミー、ジャクソン、コリー、ジェームスという名前の4人の子供がいる。エイミーはジャクソンより5歳年上で、コリーより2歳若い。ジェームスが10歳で、コリーより1年若い場合、ジャクソンは何歳？	4
リーはかつて、ジェラルドが400メートルハードルを走るよりも、2秒速いスピードで400メートルハードルを走ることができた。だがジェラルドが彼の食事を変えて、スピードが10%改善した。もしもリーが400メートルハードルを38秒で走ることができたら、食事を改善したジェラルドは400メートルハードルを何秒で走ることができるか？	36
近所では、ペットのウサギの数がペットの犬と猫を合わせた数よりも12匹少ない。犬1匹あたり2匹の猫がおり、犬の数は60匹だとすると、全部で近所には何匹のペットがいますか？	348
5年生の生徒200人のうち、2/5の生徒が男の子で、女の子の2/3がガールスカウトに入っている。ガールスカウトに入っていない女の子は何人？	40
ハリーは昨夜9時間寝ました。彼の友達のジェームスはハリーが寝た分の2/3だけしか寝ませんでした。ハリーはジェームズより、何時間多く寝ましたか？	3
フリーダがトマトの缶詰でソースを作ると、そのボリュームが半分減る。彼女が使うそれぞれ16オンスのトマト缶には3つのトマトが入っている。トマトソースの最後のバッチには32オンス入っていた。フリーダはトマトをいくつ使った？	12
車が高速道路に並んでいる。そのうちの何台かは、渋滞の最初の15分間を走り、次の20台は渋滞の残りの15分を走っている。列のうち、5台の車は渋滞を走らなくていいよう、出口から出た。もともと30台の車が高速道路にいたのなら、渋滞の最初の15分間を走った車は何台いる？	5
マリーは熱心な演芸家です。昨日、彼女はお気に入りの育種場から18個の新しい鉢植えを受け取りました。彼女はすでに、彼女の広い田舎の家の、40の窓枠にそれぞれ2つの鉢植えを所有している。気が大きくなった彼女は、各窓枠から、1つの鉢植えを友達や家族に明日あげることにした。マリーにはいくつの鉢植えが残る？	58
ジェロームは特定の日に彼を訪ねてくる4人の友達がいます。最初の友達はジェロームがドアを開けるまでに、20回呼び鈴を鳴らし、2人目の友達はジェロームの最初の友達の1/4回鳴らしました。3人目の友達は呼び鈴を4人目の友達よりも10回多く鳴らしました。もしも4人目の友達が呼び鈴を60回鳴らしたら、呼び鈴は何回鳴りましたか？	175
ソロは科学の教科書を4ページ、社会学の教科書を20ページ、歴史の教科書を7ページ、地理の教科書を8ページ読まねばならい。ソロは月曜日15ページ読んだ。彼が読み終わるまでに後4日ある場合、平均で1日に何ページ読む必要がある？	6
ジョンは朝ごはん、昼ごはん、夕飯の時に1杯の水を飲むことが好きだ。最終的に、彼はベッドに行く前にも1杯飲む。ジョンは平日毎日これをするが、週末はリラックスしたいと思っており、夕飯時には代わりにソーダを飲む。彼は週に何倍の水を飲むか？	26
海から流れてくる霧堤が、街を覆う。街の3マイルを覆うごとに10分かかる。もしも街が、海辺から反対の陸の端まで42マイルなら、街全体を霧が覆うまでに何分かかる？	140
ポピーは1000ピースのジグソーパズルを解いている。彼女は4分の1のピースをボードにはめて、彼女の母親が残りの3分の1をはめる。残りいくつのパズルのピースがはめられずに残っている？	500
コディーはアミールが食べる量の3倍のクッキーを食べます。アミールがもしも5枚のクッキーを食べるとすると、彼らは二人で何枚のクッキーを食べますか？	20
ジョンは3箱持っています。それぞれの箱は5インチ×6インチ×4インチです。壁は1インチの暑さです。3箱全部の内容量はどれくらいですか？	72
フランキーは毎晩宿題が終わった後にテレビを観ます。月曜日と火曜日、彼はそれぞれの日のお気に入りの番組の1時間のエピソードを観ました。水曜日、彼は30分のエピソードをいくつか観ました。木曜日、彼は宿題を早く終わらせて、1時間のエピソードと30分の番組を観ました。金曜日の週末、彼は遅くまで起きて、1時間のエピソードを2つ観ました。もしも彼が全部でテレビを7時間観たとすると、水曜日に彼は30分のエピソードをいくつ観ましたか？	3
ヘンリーは地元のコンテストのためにクッキーを作っています。彼は去年焼いた数の2倍焼きたいと思っています。焼き終えたら、彼は実際に、思っていた数より15枚多く焼いていることに気付きました。彼はクッキーを冷やすために取り出しながら、それらのうち5枚を取り除き、現在全部で110枚のクッキーがあります。ヘンリーは去年、何枚のクッキーを焼きましたか？	50
地元のガソリンステーションは、1ガロン$3.00で売っている。アプリ会社は、このガソリンステーションで給油すれば、1ガロンごとに$.20キャッシュバックしてくれる。もしも誰かが10ガロンのガソリンを買えば、キャッシュバックされた後のガス料金はいくらになりますか？	28
マルセルとベトリースはどちらが多くのフルーツロールを食べられるか競い合っており、彼らは見つけただけのフルーツロールを広げた。残念ながら、誰かが間違えており、ベトリースのものは、2ロール分の幅で、24ロール分の長さだった一方、マルセルのものは、3ロール分の幅で、14ロール分の長さだった。彼らがすべての量食べたとすると、彼らは平均でどれだけ食べたか？	45
ジュリアのボートが、湖を運転中に水漏れを起こした。ボートは彼女が岸辺に向かい10フィートこぐたびに、2リットルの水が入っか。岸辺は64秒先だった。ジュリアが岸辺にたどり着くまでに、どれだけの水がボートに入ったか？	16
教室には、その教室を順番に使う4人の教師に共有される、ホワイトボードがある。各先生は1日に2クラスあり、各クラスでホワイトボードを使う。もしもホワイトボードが1回のクラスで3回掃除されるとしたら、ホワイトボードは1日に何回掃除されますか？	24
ライアンは彼の庭に、1日に2つの花を植える。15日後、5つの花が育たなかったとすると、彼はいくつの花を持っているか？	25
ジャマールの電話はブリタニーの電話の6倍多くの写真を保存できる。ブリタニーの電話が保存できる写真の最大の数は、ジャマールが動物園でアヒルを撮った写真の中の、鳥の数の50倍だ。もしもジャマールの携帯電話が、1800枚の写真を保存できる場合、ジャマールが動物園でアヒルを撮った写真に、何匹アヒルがいる？	6
サーシャは材木の値段が、彼女がいくつか購入してから数か月で、50%上がっていることに気がつきました。彼女は残りがあるので、それらを売ることにしました。彼女は、2 x 4 x 10の板が10枚あり、それぞれ$10コストがかかります。彼女はまた、4 x 4 x 10の板も5枚あり、それらはそれぞれ$16で購入しました。彼女がすべて売った場合、彼女はいくら利益を得られますか？	90
ケイティはコーヒーを、小さじ数杯の砂糖と数杯のお湯を7:13の割合で作ります。全部で小さじ120杯の砂糖とお湯を使った場合、彼女が使った砂糖が小さじ何杯になるかを計算しなさい。	42
ジョンは彼の3人の子供に2足の靴をそれぞれ購入します。それぞれ$60します。彼はいくら払いましたか？	360
海辺の主な港の税関職員は、輸入車の2台分のコンテナをチェックしており、各コンテナには5台の車が中に入っている。次の日、さらに多くのコンテナが運び込まれ、港の車両の数は全部で30となった。すべてのコンテナに5台の車が入っていたとすると、2日目にいくつのコンテナが輸入されたかを計算しなさい。	4
エイドリアンの給与総額は、リリアの給与よりも30%高い。4年後、彼の給与は上がり、4年前と比べて、40%収入を増やしていた。エイドリアンとリリアの給与が、同時に上がっていた場合、そしてエイドリアンが4年前、$40000稼いでいた場合、彼ら二人が4年後に受けとっか給与総額はいくらになりますか？	95200
ミゲルは、彼の絵に週に2パッドの紙を使う。もしも1パッドの紙に30枚入っているとすると、彼は毎月何枚の紙を使う？	240
モリセットとケイルは、フルーツを持ってくるよう頼まれた。モリセットは5個のリンゴと8個のオレンジ、一方ケイルはモリセットの2倍の数のリンゴと半分の数のオレンジを持ってきた。彼らは全部でいくつフルーツを持っている？	27
サディーは月曜日8時間寝た。次の2日間、宿題を終わらせなければならなかった彼女はそれぞれ2時間少ない時間寝た。もしも彼女が残りの週、その2日よりも1時間長く寝たら、彼女は1週間通して何時間寝たことになる？	48
ロージーは1時間10マイルの速度で3時間走ります。その後、1時間5マイルの速度で走ります。彼女は7時間で何マイル走ることができますか？	50
ジェニーは母親のオフィスで手伝いをしています。彼女には、切手が必要な60通の手紙の塊と、すでに切手が貼られた手紙の塊があります。切手が必要な手紙の3分の1に切手を貼ります。すでに切手を貼られた手紙の塊に今、30通の手紙があるとすると、ジェニーが作業を始めた時、その塊には何通の手紙がありました？	10
ジュリアはシチューをご馳走するつもりで、自宅でのディナーパーティーのために準備をしていました。彼女はプラスチックのスプーンが足りないと気付き、新しいスプーンのパッケージを購入しました。後に、彼女の夫も、5本の新しいスプーンのパッケージを購入し、ジュリアに渡しました。ジュリアはシチューを作りながら、シチューの味見用に3本スプーンを使いました。後に、彼女はテーブルをセットしに行ったとき、全部で12本のスプーンがありました。ジュリアが購入したスプーンのパッケージには何本入っていましたか？	10
ディランは、ソーセージバンを作るため、食品庫でチキンソーセージとフィッシュソーセージが必要だった。彼は38個のチキンソーセージと、チキンソーセージの数よりも6個多いフィッシュソーセージを買った。ディランは全部で何個のソーセージを買った？	82
新しい学校に引っ越して以来、エイミーはリリーより20人多く友達を作りました。リリーが50人友達を作ったなら、リリーとアビーは合わせて何人友達を作りましたか？	120
ウェルの母親はスイカ、トウガラシ、オレンジを地元の店で売っています。スイカは各トウガラシの値段の3倍の値段です。オレンジはスイカより5安いです。ディロンは店に4つのスイカ、20個のトウガラシ、10個のオレンジを送りました。トウガラシ1つが$15の場合、全部でいくらになりますか？	880
ある病院は500人の患者を毎日診察します。それぞれの患者は平均24分間診察されます。医者は病院に、1時間$150請求します。病院は患者に1時間$200請求します。病院はこれらの診察でいくら収益を得られますか？	10000
ニッサは、サンタビレッジの彼女のデパートでエルフを演じる60人の期間従業員を雇います。3分の1のエルフが子供が彼らに吐いた後、辞めます。それから残りの10人が、子供が彼らのスネを蹴った後やめます。何人のエルフが残りますか？	30
ジョゼフの5月の支出は$500でした。6月、彼の支出は$60少なくなりました。これら2か月の彼の支出の総額はいくらでしたか？	940
パムとフレッドはカーニバルに行った。パムはジェットコースターに2回乗り、フレッドは4回乗った。その後、それぞれリュージュに2回乗った。それぞれ乗るために6チケット使うなら、彼らはその日何枚のチケットを使った？	60
月曜日、ウォルトは4マイル歩いた。火曜日、彼は月曜日に歩いた分の6倍のマイルを歩いた。彼が月曜から水曜まで歩いた距離は合計41マイルだった。水曜日、彼は何マイル歩いたか？	13
トムは月に4台の車を洗車します。それぞれの車の洗車費用が$15だとすると、一年にいくら払いますか？	720
ブライアンの友達ボビーは、ブライアンが所持するゲームの数の3倍よりも5個少ないゲームを持っています。もしもブライアンが20個のビデオゲームを持っていて、比較する直前に5個なくしていた場合、ボビーはゲームを何個もっていますか？	40
世界には27頭のユニコーンが残っています。そのうち3分の1は、スコティッシュハイランドです。スコティッシュユニコーンの3分の2はメスです。そこにメスのスコティッシュユニコーンは何頭いますか？	6
ローリーはそれぞれ$7.50のサンドイッチを2つ注文し、それぞれ$1.50のポテトチップを2袋注文し、それぞれ$1.00のクッキーを2枚、配達してもらえるよう注文しました。会計時に20％の配達費が加算され、彼女は$5.00をチップで払いたいと思っています。配達の注文はいくらになりますか？	29
マークは昨日75問あるテストを受けた。彼は1時間に5問を解くスピードでテストを終わらせた。今日、彼は同じスピードで100問あるテストを受けた。もしもマークが8時間かけて最初のテストを終わらせ、次のテストを6時間かけて終わらせたなら、彼が解けなかった問題は何問ある？	105
キャンディーマシーンには、青いガムボールの数の4倍の数のピンクのガムボールが入っている。12個の青いガムボールが入っているとすると、ピンクはいくつあるか？	70
20台のレンタル可能な車の中、12台がオートマチックで、4台がマニュアルで、残りはセミオートマチックだ。セミオートマチックの割合は何%？	20
700匹の蜂が蜂の巣にいる。赤ちゃんの鉢の12倍、働き蜂がおり、女王蜂の2倍の赤ちゃんの蜂がいる。何匹の働き蜂がいますか？	400
ジョーダンはビデオゲームを毎日2時間プレイする。彼はまた1時間に10ドル稼ぐアルバイトもしている。彼がゲームに使う時間を代わりにアルバイトしたら、1週間にジョーダンはいくら稼ぎますか？	140
ジョンは牛乳を2ドルで、卵を3ドルで、電球を3ドルで、カップを3ドルで、4ドルでゴキブリ用の罠を購入する。食べ物以外には10%の税金が課される場合、すべてでいくらになりましたか。	16
キムは家事の事業を始めました、そして顧客からいくら利益を出せるかを計算しました。彼は既に3人の顧客がいますが、別の5人の潜在顧客と商談中で、彼らを計算に入れてもいいと、十分な自信があります。それぞれの顧客の自宅は、掃除するためにブリーチ剤が2本、布1パックが必要です。ブリーチ剤のボトルはそれぞれ$2で、布のパックはそれぞれ$5です。これらだけが彼の支出です。彼は、毎週の総収入が$92になると計算しました。利益は総収入と総支出の差額です。ルーカスは毎週何ドルの利益を得ることになりますか？	20
ジョンには10ヘクタールのパイナップル農場がある。1ヘクタールあたり100個のパイナップルがある。ジョンは3か月ごとにパイナップルを収穫できる。ジョンは年にいくつのパイナップルを収穫できる？	4000
ジョニーは彼の部屋の床のおもちゃを拾っている。彼は床に、500ピース入ったレゴの箱、500ピース入ったものの3倍の数が入った箱、1/4の数のピースが入った箱をひっくり返した。彼がすべてのレゴを拾い上げたら、全部で何個のブロックを拾い上げますか？	2,125
デボラは、ミツバチの巣箱を監視し、1日に何匹のミツバチが出入りしているかをみています。最初の6時間に、巣箱から30匹のハチが出て行き、そのうちの2分の1が6時間以内に戻ってきたのを確認します。彼女は最初に巣箱を出て行ったハチの2倍の数のハチが、次の6時間で巣箱から飛び立ち、去っていくのを見ました。それから、先に出て行ったハチのうち、まだ戻っていないハチが、次の6時間で巣に戻ってきます。デボラはその日の最後の6時間で何匹のハチが、巣箱に戻ってくるのを見ますか？	75
ブリタニーと母親は美術館に行く。入場料は大人が12ドル、子供が10ドルだ。ブリタニーの母は、会計をする人に子供1人、大人1人のチケット代金を払った。もしも彼女が、8ドルお釣りを受け取ったら、彼女は会計する人に何ドル渡したか？	30
チャーリーはFacebookの友達がドロシーの3倍いる。ジェームズはドロシーの4倍、Facebookの友達がいる。チャーリーに12人、Facebookの友達がいある場合、ジェームズは何人のFacebook友達がいる？	16
スティーブとティムは、どちらが学校から早く家に帰るかを決めることにした。スティーブは、ティムよりも遠くに住んでいるため、彼は自転車に乗ることができる。スティーブは学校から3マイル離れたところに住み、自転車で1分440フィート進むことができる。ティムは学校から2マイル離れたところに住む。もしもティムがスケートボードに乗り、1分264フィート進むことができれば、負けた方がレースを終えるまで、買った方はどれくらい待つことになるか？	4
ショーンダは近所の子供達が本当に自転車の空気入れサービスを使えると決めた。彼女は、タイヤごとに請求することが最適だと決めた。各タイヤを膨らませるためには25セントかかる。最初の日、5人が自転車で、双方のタイヤを膨らませにきた。3人は、三輪車のタイヤをすべて膨らましにきた。最後に、1人が一輪車できた。彼女はその日、いくら稼いだか？	5
カールはクッキーを10パック買う。各パックは6枚のクッキーが中に入っている。各クッキーは0.10ドルだ。カールが10ドル札で支払った場合、いくらのお釣りが返ってくる？	4
デイブはフライドポテトの大きなパックを購入し、お腹がすいたカモメがパックを彼の手から奪うまえに14個食べました。カモメは地上に降りて、デイブが食べたフライドポテトの半分を貪りました。それから3匹の鳩が彼から食べ物を奪い、それぞれ3本のポテトを食べました。後から、アライグマが残ったポテトの3分の2を奪いました。アリが最後のフライドポテトを運んで行き、5つ残りました。デイブが買った時、何本のフライドポテトがパックに入っていましたか？	48
月曜、水曜、金曜に、大学生のキモは1時間の3つの講義を各日受ける。火曜と木曜に、彼は2時間の講義を2つ各日受ける。1セメスターで、学校は16週間ある。1セメスターで、キモは何時間講義に出席して過ごす？	272
ビルは300個のロール、120個のチョコレートクロワッサン、60個のバゲットを毎日焼きます。各ロールは4インチの長さで、クロワッサンはそれぞれ6インチの長さ、バゲットはそれぞれ2フィートの長さです。ビルが焼いたものをすべて並べたら、何フィートになりますか？	280
動物園の飼育係が、動物園のすべての猿に餌を与える。彼は地元の農場に、2か月ごとにバナナをすべて注文する。猿が200本のバナナ、ゴリラが400本のバナナ、ヒヒが100本のバナナを毎月必要な場合、彼は2か月間でどれだけのバナナを頼む必要があるか？	1400
ブレイクとケリーは15分でどちらがたくさん走れるかを競っている。彼らは100ヤードの長さのフットボール場で、競走することに決めてあ。ブレイクは、15回走って往復する。ケリーは1回往復してから、ブレイクの隣で走りたくないと決め、40ヤードラインまで走って、戻った。彼女はこれを34回行った。勝者は敗者よりどれくらい長く走ったか？	80
ラファエルは学用品を買いに出かけた。彼は、各1.5ドルのペンを4本、各4ドルのノートを2冊買い、20ドルするボンド紙を1辺買った。ラファエルは全部でいくら使った？	34
フィンは11匹のオタマジャクシが池で泳いでいるのを見ている。突然6匹、睡蓮の葉の下から隠れていたものが出てきて、そして、岩の下にそのうちの2匹が隠れるのを見た。フィンは、池に今何匹のオタマジャクシが見えていますか？	15
水のタンクの深さは、月曜日には17フィートだ。火曜日、タンクは7フィート水が増えた。水曜日、水の深さは火曜日の3分の2だ。水曜日のタンクの水の深さはどれくらいか？	16
アナキンとロクシンは今日、浜辺に行った。アナキンは10匹のヒトデ、6匹のタツノオトシゴ、3匹のクマノミを捕まえた。一方ロクシンは、アナキンよりも5匹少ないヒトデ、3匹少ないタツノオトシゴ、2匹多いクマノミを捕まえた。彼らは何匹の魚を捕まえた？	32
ビー玉1袋が20ドルで、値段は2か月ごとに、元の価格の20%ごとに値上がりする。36か月後、ビー玉1袋はいくらになる？	92
部屋に、様々なおもちゃがある：5個の赤い車、3個のアクションフィギュア、1つの人形。人形は3つのアクションフィギュアと同じ値段で、1つの赤い車は4ドルする。アクションフィギュアが5ドルだとすると、すべてのおもちゃはいくらの価値がある？	50
ジャッキーは自分で税金を処理するか、会計士を雇おうか決めようとしている。自分で行えば、彼女は3時間フリーランスの仕事を減らし、1時間に35ドルが失われる収入となる。会計士は90ドルかかる。会計士を雇えば、彼女は後いくら得ることができるか？	15
エルビラは、たくさんのアクセサリと合わせ、新しいコンピューターを30歳の誕生日のプレゼントに選んだ。彼女は家族全体から1500ユーロの予算が寄付されており、彼女は服に少しお金を残せると考えている。彼女はコンピューターショップに行き、スクリーン、キーボード、マウスと合わせて1090ユーロするマシンを選ぶ。彼女はまた、157ユーロでスキャナー、CDバーナーを74ユーロ、プリンターで102ユーロで買う。彼女は衣類にいくら残すことになる？	77
サンドラの近所の人は、彼女が彼らの娘の面倒を見るたびに、9個の卵が入ったかごを彼女にくれる。スペイン風フランを作るには、3個の卵が必要だ。サンドラが学校の募金活動のために、15個のスペイン風フランを作る仕事があった場合、サンドラは何回子供の面倒を見なければならない？	5
セスはブルックの2倍年上です。2年後、彼らの年齢の合計は28になります。セスは何歳ですか？	16
ジミーはイーサルが持つ金額の二倍よりも$2多く持っています。イーサルが$8あるとすると、ジミーはいくら持っていますか？	18
パンチョは1日に20マイル歩きます。彼は週末のみ、10マイル歩きます。彼は週に何マイル歩きますか？	120
マーチングバンドは新しい制服を注文している。各制服は、25ドルの帽子と、帽子の3倍の値段のするジャケット、帽子とジャケットの平均価格のズボンだ。制服はすべてでいくらになる？	150
ジェイクは昆虫博物館まで歩いている。彼は8本足の蜘蛛を80匹、6本足の虫を90匹、それぞれ10本の足がある希少な変異体の無脊椎動物を見る。ジェイクは全部で何本の足を見る？	1210
カブースには4羽の鳥がいる。サリーツーはグラニーレッドよりも3歳年上だ。グラニーレッドはサリーフォーの2倍の年だ。サリーフォーがサリーサーティートゥーと同じ年で、サリーサーティートゥーが8歳の場合、4羽の年の合計はいくらになる？	51
ジェシカは毎月いくら借金を払えばいいか計算しようとしている。彼女の学費ローンは毎月最低300ドルの支払いで、クレジットカードは毎月200ドルの支払い、彼女の不動産ローンは毎月最低500どるだ。ジェシカが最低額より50%多く支払いたい場合、彼女は年にいくら支払う？	18000
ビリーは家族みんなで集まり行うバーベキューのためにポテトサラダを用意するため、じゃがいもの皮を剥いてカットしている。大イベントだから、60個のじゃがいもを用意する必要がある。じゃがいもはおよそ同じ大きさのため、各じゃがいもを皮剥きしてカットするために同じ時間がかかる。ビリーが1つじゃがいもの皮を剥くために1.5分かかるが、カットには5秒しかかからない。ビリーがじゃがいもを用意するにはどれくらいかかる？	95
ホアンと兄弟のカルロスは、レモネードを売っている。1ガロンあたり、3ドルのレモンと2ドルの砂糖を消費する。1杯あたり0.50ドルで売り1ガロンあたり20杯作れる。25ドルの儲けがでた場合、レモンにいくら使ったことになる？	15
240人のアジア系の人のレースで、80人が日本人で残りは中国人だった。中国人チームの男子の数が60だった場合、中国人チームの女子の数は何人？	100
ゼイドは彼の給料の1/4を家賃に使用し、1/3を車の燃料に仕位、残りの半分を彼の好きなチャリティに寄付している。彼は娘に毎週の出費用に200ドル、妻に食料品や家庭用品用に700ドル渡している。ゼイドが6000ドル月に稼いでる場合、これらの出費と寄付の後にいくら残っているか？	350
ラニは、ボーよりも4匹少ない量の蟹を持つモニクよりも10匹多く蟹を持っている。ボーが40匹の蟹を持つ場合、3人は全部でいくつの蟹を持っているか。	122
ロイドは算数の講師で1時間に10ドル稼ぐ。彼は最初の週、5時間教えて、次の週8時間教えた。彼は最初の2週間いくら稼いだか？	130
サライの学校で、2人が学級委員長に立候補している。勝者が3/4の票を取った場合、クラスで投票した生徒の総数が80だった場合、敗者が取った表の数を計算しなさい。	20
角の花屋、サンドラは、フレッドによる注文の未配達をとても不快に感じていた。サンドラは白いカーネーションの4倍の赤い薔薇を注文し注文していた。彼女はまた、ピンクのオランダカイウを白いカネーションの5倍となる、200本注文していた。サンドラは午後5時までに赤いバラを配達できなければ、サプライヤーを変えると脅した。サンドラを取引先としてキープするためには、フレッドは午後5時までに何本の赤いバラを用意する必要があるか？	160
ジェーンはマークよりも2歳年上だ。2年前、マークはジャンの年の半分よりも5個上の年だった。もしジャンが30歳なら、ジェーンは何歳？	23
2つの陸上チームが1600メートルリレーで競っている。1つのチームあたり4名がそれぞれ400メートルずつ、または標準的なトラック1周を走る競技である。1つのチームでは能力が均等で、それぞれ400メートルをちょうど55秒間で走りきる。もう1つのチームでは能力に多少ばらつきがあり、1人目の走者は60秒間で走り切り、その後の走者は前の走者よりもそれぞれ3秒早いタイムで走る。この情報をもとにすれば、勝利するチームは何秒差で勝利するだろうか？	2
ジェリーは6面ダイスを振っている。彼が3よりも大きい数を出す確率は、偶数を2回連続で出す確率よりも（何%）高いか？	25
ジェナと母親は、りんご農場からりんごをいくつか摘んだ。ジェナは母親の半分の数を摘んだ。彼女の母親が20個のりんごを摘んだ場合、二人でいくつのりんごを摘んだ？	30
ラッセルはペットショップで働いていて、齧歯類の動物たちにわらを与えようとしている。3つのケージにそれぞれ同じ数のネズミがいて、ネズミには1匹につき6本のわらが与えられる。それとは別に、ハムスターが1匹ずつ入れられたケージが10個あり、ハムスターには1匹あたり5本のわらが与えられる。それとは別に、うさぎ小屋があり、20本のわらがうさぎ全体に与えられる。このペットショップでわらはそれ以外の用途では使われていない。齧歯類の動物たちに合計で160本のわらが与えられたとしたら、1つのケージに入っているネズミの数は何匹か？	5
マンディはベネディクトに$100借りがあります。彼らは毎月2%の利子がつくことに同意しました。マンディが3か月後に返済できるとすると、彼女はベネディクトにいくら払えばいいですか？	106
ある商人が1袋20ドルで農場から小麦を何袋か買った。農場から倉庫まで小麦の袋を輸送するのに2ドルかかるとして、またその商人が小麦を1袋30ドルで売ったところ400ドルの収益を得たとしたら、商人は何袋の小麦を売ったことになるか？	50
友人3人が移動遊園地の入場チケット3枚を20.25ドルで買った。チケットよりも4.50ドル安い金額で食べ物を買った。1ライドあたり33ドルの乗り物に2つ乗った。すべての支出を均等に分けることにした場合、1人あたりいくら支払ったか？	34
ジョンは3時間桃を収穫します。彼は1分で2つの桃を収穫できます。彼はいくつの桃を収穫しますか？	360
アヒルは毎週、生きていくために3.5ポンドの昆虫を食べる必要がある。もしも10羽のアヒルの群れがいる場合、1日につき何ポンドの昆虫が必要になる？	5
トムは年に10本の木を植えます。毎年彼は、1年に2本の木を伐採します。彼は50本の木から始めます。10年後、30%の木は枯れます。彼には何本の木が残りますか？	91
スーは愉快な地域に住んでいます。ある週末、近所の人たちがスーにいたずらをしようと決めました。金曜日の朝、近所の人は18匹のプラスチックのピンクフラミンゴを、スーの自宅前の庭に設置しました。土曜日の朝、近所の人はフラミンゴの3分の1をどかし、白く塗り、新しく塗られた白いフラミンゴを、スーの自宅前の庭に戻しました。それから、日曜日の朝、彼らは別の18個のプラスチックのピンクフラミンゴをそのコレクションに加えました。日曜日の午後、プラスチックのピンクフラミンゴはプラスチックの白いフラミンゴより何個多いですか？	24
バイオレッタは新しいクレヨンを購入したいです。彼女は5つの違う色が必要で、今回の購入のために$20用意しました。1本のクレヨンは$2です。彼女のおつりはいくらになりますか？	10
ペンは鉛筆と消しゴムを合わせた値段と同じ価格です。鉛筆は$1.20、消しゴムは$0.30です。ペン8本はいくらになりますか？	12
ある町で、200ポンドの人参が40件のレストランに配布されようとしている。それぞれのレストランは2ポンドの人参を受け取ることになっている。配布されずに残る人参は何ポンドか？	120
ソーダ市には住民が23,786人いる。これには8,417人の男性と9,092人の女性が含まれる。人口の残りは子どもである。ソーダ市にいる子どもの数は何人か？	6277
エレインは最初ポケモンカードを20枚もっていた。1か月後、その3倍の枚数のカードを新たに集めていた。2か月目には、1か月目と比べて20枚少ない数のカードを集めた。3か月目には、1か月目と2か月目で集めたポケモンカードの合計数の2倍の枚数のカードを集めた。今エレインはポケモンカードを合計何枚もっているか？	320
マークは編集者である。2つの出版社向けに毎週同じ数の文を編集しており、それぞれの出版社が1文あたりに支払う金額は異なる。出版社Bは出版社Aの2倍の金額を支払う。マークは毎週合計1,000文編集し、出版社Aは彼に1文あたり5セント支払う。マークは毎週何セントもらっているか？	7500
バルダーは井戸から水を得る。彼は毎朝桶5杯の水を得て、午後は毎日6杯の水を得る。もし1桶につき5リットルの水が入っているなら、彼は毎日何リットルの水を得ているか？	55
ジョンは仕事で賞を受賞した。この賞は5,000ドルの一時金と給料の5%アップを伴う。もしジョンが年間を通して毎週2,000ドル稼いでいて、1年の最初の日にこの賞を受け取っていた場合、ジョンはその年いくら受け取っていたか？	114,200
ジョジーは10エイカーの農場でブドウを育てている。各エイカーにつき、毎年ぶどうを5トン生産できる。ブドウ1トンにつき、ワイン2バレルを製造できる。彼女の農場は毎年、何バレルのワインを製造できるか？	100
カールの大好物はチーズです。彼は今週毎日お昼にサンドイッチを食べて、サンドイッチ1つ1つにチーズを2切れ使いました。その週のうち3日間は、朝ごはんにチーズ卵オムレツを食べ、オムレツ1つあたりサンドイッチよりも1切れ多いチーズを使いました。その週、何日かは大きなお皿で使ったマカロニチーズを食べ続け、これにはチーズを8切れ使いました。合計で何切れのチーズを使ったでしょうか？	31
ジャネットは22本の緑色のペンがあり、10本の黄色のペンがあります。それから彼女は青色のペンを6袋、赤色のペンを2袋購入しました。青色のペンの各袋には9本、赤色のペンの各袋には6本入っていました。ジャネットには今何本のペンがありますか？	98
ブリンリーはバート先生の数学の授業を受けています。バート先生はセメスターごとに6回テストを行います。彼は、各セメスターで最も低いスコアを、平均点から取り除くことを生徒に許可しています。ブリンリーがもし、最初の5回のテストで89、71、92、100そして86点を取ったら、彼女が平均で93点を取るには、6回目のテストで何点取る必要がありますか？	98
マイケルは自転車に乗ることが大好きです。彼は少なくとも週に5回乗って、毎回25キロ走ります。彼はそれを4週間行い、それから週に2回だけ、しかし60キロ毎回乗ることに決めました、彼はそれを3週間続けました。マイケルは全部で何キロ走りましたか？	860
ジョーのハロウィーンキャンディーの袋には25個のチョコレートバーと80個のりんご飴が入っています。それぞれのチョコレートバーはりんご飴の2倍の重さです。それぞれのチョコレートバーが40グラムの場合、ジョーのキャンディーの袋の重さは何グラムになりますか？	2600
ローズは月曜日に店に行き、ケーキを4個買いました。火曜日、彼女は違う店に行って、3倍の数のケーキを買いました。水曜日、彼女はまた別の店に行って、火曜日に買ったケーキの数の5倍の数のケーキを購入しました。3日間で何個のケーキを購入しましたか？	76
20ダースのカップは、$6000で売られている半ダースの皿の総額よりも、$1200安いです。それぞれのカップを購入する際の総額を計算しなさい。	145
サラは自分の新しいジャケットと2足の靴を買いにいった。彼女が欲しいジャケットは30ドルで、靴は1足20ドルだった。サラは近所の子供の世話を4回してそれぞれ5ドル稼いだ。彼女の両親は彼女が芝を刈るたびに4ドルくれる。もしもサラが、子供の面倒をみ始める前にすでに10ドル貯金している場合、彼女がジャケットと靴を手に入れるためには何回芝を刈る必要がある？	10
ジェリーは鶏の群れを所有している。赤鶏は1日に3つの卵を産み、白鶏は1日に5つの卵を産む。ジェリーは毎日卵を42個集める。もしも彼が赤鶏よりも2匹多い白鶏を所有していた場合、赤鶏は何匹いるか？	4
ゲリーは1.5マイルと6マイルの長方形の、地元の公園の端を歩くことが好きだ。彼が1時間に3マイル歩くとすると、彼は何時間歩くことに使う？	5
1ドルストアで、ストーンは入ってくる100人の客を数えた。翌日、彼女は初日よりも50人多い客が入ってくる様子を数えた。3日のお客さんの数が全部で500人の場合、3日目には何人の客が入ってきたか？	250
ジェリーは2つのプールを持ち、どちらも水漏れがあり、1分に4ガロンの水が出る。4分前、大きいプールには小さいプールの2倍の水が入っていた。今、大きなプールは小さいプールの4倍の水が入っている。今、小さいプールはどれだけの水が入っている？	8
ローリーは320ドルの靴とそれに合う32ドルのベルトを買いたいと思っています。彼女はアルバイトで時給8ドルを稼いでいます。買い物ができるまでに何時間働く必要があるでしょうか？	44
ジャネスは2,000ドル借りて、10%増しで返済すると約束しました。12か月間にわたり月165ドル払うとした場合、12か月後の負債残高はいくらになっていますか？	220
花瓶には4本のバラがあります。花瓶に薔薇よりも7本多いダリアが入っています。花瓶には全部で何本の花が入っていますか？	15
エイドリアンの年齢はハリエットの年齢の3倍で、ハリエットはザックの年齢の半分の年齢です。もしもハリエットが今21歳だとしたら、3年後3人の平均年齢はいくつになりますか。	45
ボードゲームで4人の生徒たちは全部で251ポイント獲得しました。ナオミは68ポイント得ました。ユリはナオミが得たポイントの半分よりも10多くポイントを獲得し、ブリアナはナオミよりも17ポイント多く獲得しました。ジョジョは何ポイント得ましたか？	54
カルメンはクロスワードパズルを解くのに10分、数独パズルを解くのに5分かかります。週末、クロスワードパズルを3つ、数独パズルを8つ行いました。彼女はどれほどの時間をこれらのパズルに費やしたでしょうか？	70
ある水槽に120リットルの水が入っています。セリーヌは彼女の小さな庭に水をまくため水槽の水を90リットル分使用しました。その後、残った水量の2倍の量の雨水を集めることができました。水槽に入っている水の量はいくらですか？	90
アンディは90本のゼラニウムと、ゼラニウムより40本少ないペチュニアを植える。全部で彼はいくら植えている？	140
ある会社が1年間で15,000ドルの広告費を使い、その3分の1の額を次の年に使いました。2年間で会社が払った広告費の合計はいくらですか？	20000
カルロスとベンジはビーチにいます。カルロスは1時間30ドルでカヌーを借り、ベンジは1時間18ドルでバナナボートを借りました。カルロスがカヌーを3時間、ベンジがボートを5時間使用した場合、2人が合計で支払うレンタル料はいくらですか？	180
アンドリューはニュージャージーからロチェスターまで車で旅行しようと計画しています。バスで移動すれば6日間かかり、車で移動すればその半分の日数で済みます。ロチェスターまでバスで移動し、ニュージャージーまで車で帰ってきたとしたら、何日間かかるでしょうか？	9
ジェームズはポケモンカードを数えています。彼は30枚の炎タイプ、20枚の草タイプ、そして40枚の水タイプがあります。もしも彼が8枚の水タイプをなくし、14枚の草タイプを購入すれば、偶然選んだカードが水タイプになる確率は何になりますか（小数点以下四捨五入）？	33
チャドは自分で作るブリトーをランチに注文しました。基本のブリトーは$6.50です。追加の肉を$2.00、追加のチーズを$1.00、$1.00アボカド、$0.25のソースを2つ注文付けます。彼はランチに追加で$3.00払ってアップグレードし、ポテトチップスと飲み物を付けました。会計時に使える$5.00のギフトカードを持っています。彼の料金は今いくらになりますか？	9
カリンダは母親と一緒に360ピースのパズルに取り組んでいます。カリンダは1分あたり4つのピースをはめることができます。母親はカリンダの半分の数をはめることができます。このパズルを完成させるのに何時間かかるでしょうか？	1
あるスイカ農園が120個の実の小さいスイカを栽培しました。アシュリンが農園を2か月後に訪れたところ、スイカの30%が収穫可能となっていたため、自宅に持って帰りました。2週間後に訪れたところ、残りのスイカの4分の3が収穫可能となっていたため、刈り取りました。そのときまだ収穫の準備ができていなかったスイカはいくつありましたか？	21
マークは自分の会社のため12台の車を買いました。車は1台あたり20,000ドルです。マークは車の税金を10%払い、登録のために1台あたり1,000ドル支払いました。合計でいくら払いましたか？	276,000
カイリーとロバートはビーチで貝殻を集めるのが好きです。月曜日、カイリーはロバートより5つ多く貝殻を集め、ロバートは20の貝殻を集めました。火曜日、カイリーは月曜日の2倍の数の貝殻を集めました。カイリーが火曜日に集めた貝殻の数はいくつですか？	50
ダックスはリンゴを摘みに畑に行き、庭の虫の数がアリの半分であると気付きました。もしもアリが50匹いたなら、畑には全部で何匹の昆虫がいますか。	75
36匹のペンギンが雪の中で日光浴しています。うち3分の1が水にもぐり泳ぎ始めます。もう3分の1は洞窟に入り食料を食べます。まだ日光浴しているペンギンは何匹いますか？	12
スティーブはもっとトマトを食べようと決意し、自分のチェリートマトの栽培を始めることにしました。彼はガールフレンドの2倍の量のトマトを食べます。彼は1日あたり6個のトマトを食べます。1つのつるから1週間あたり3つのトマトを作れるとした場合、スティーブは何本のつるが必要でしょうか？	21
ジョンは友達と一緒にピザを注文しました。友達は合計20人いて、1人あたり4スライス食べられるようにしたいと考えています。ピザのスライスは1枚あたり8スライスです。ジョンはピザを何枚頼む必要がありますか？	10
ラムはたくさんのペンを使います。5本の空のペンのインクを集めて1本のペンにすることでお金を節約できると気付きました。25本のペンを買って、インクが少なくなったときにそれを集めて1本のペンにした場合、合計何本のペンを使用できることになりますか？	31
ジョニーはお小遣いの20ドルに10ドルを新たに加えた後、このお金を投資して1年間で3倍に増やしました。1年たった時点でジョニーはいくらもっていましたか？	90
メアリーはジョーンより2歳若く、ジョーンはジェサより5歳年上です。ジェサが20歳の場合、3人の年齢の合計は何歳ですか？	68
学校の講堂に1,000人の学生がいました。講堂には3つの出入口A、B、Cがありました。出入口Aから30%の学生が退出して、残りの学生の5分の3が出入口Bから退出して、残りの学生が出入口Cから退出した場合、出入口Cから退出した学生の数は何人だったか、計算してください。	280
ジェイムズはロバートより6つ多くキャンディをもっています。ジョンはロバートの2倍の数のキャンディをもっています。ジョンが54個のキャンディをもっている場合、ジョンはジェイムズに比べてキャンディを何個多くもっていますか？	21
ドリーは2冊の本をもっています。パンドラは1冊もっています。ドリーとパンドラが自分の本に加えて相手の本も読んだとしたら、2人で合計何冊読んだことになりますか？	6
マイクには5人の文通相手がいます。そのうち2人とは文通を止めました。文通相手はそれぞれ1週間に5枚からなる手紙を2回送ってきます。マイクは同じ要領で返信します。マイクは1枚あたり6分で書くことができます。1週間あたり何時間を手紙の執筆に費やしていますか？	3
ジェイソンは1か月あたり1,000分間の通話ができる契約プランに入っています。毎日上司と15分間電話し、それ以外の人に対して今月は300分電話しました。今月が30日までの月だった場合、今月はあと何分間の通話が可能ですか？	250
グリフィンはフライドポテトを24本もっていましたが、カイルがそのうち5本を取りました。ビリーはカイルの2倍の数を取りました。ジンジャーはグリフィンに何本かあげましたが、コルビーがカイルより3本少ない数のフライドポテトをグリフィンから取りました。最終的にグリフィンが27本のフライドポテトをもっていた場合、ジンジャーがグリフィンにあげた数は何本ですか？	20
ある水族館にカタツムリが4匹います。別の水族館にはカタツムリが32匹います。両者の差は、両方の水族館にいる魚の合計数の2倍です。それぞれの水族館に同じ数の魚がいるとすると、それぞれの水族館にいる魚は何匹ずつでしょうか？	7
ジーンはメイクアップアーティストから1時間250ドルを請求されます。出演している映画では高額のメイクアップが必要とされていて、メイクアップは毎回6時間かかり、それを1週間に4回行わないといけません。映画は5週間で終わりました。映画が完了した後、多額の支払いになったので、メイクアップアーティストはジーンに10%の割引を与えました。ジーンはいくら払いましたか？	27000
イザベルは妹の誕生日会に向けパーティー用品を購入しました。彼女はケーキの材料に$12、誕生日プレゼントに$43、飾り付けに$15、招待カードに$4、会に参加するゲストのお土産バッグに$22使いました。彼女は両親2人と、費用を均等に3等分します。それぞれ何ドル払いましたか？	32
シェフはタマネギを4袋買いました。それぞれ50ポンドの重さがあります。タマネギ1ポンドは$1.50です。シェフはいくら使いましたか？	300
月曜日、スーは妹と同じだけのクッキーを食べた。火曜日、彼女は妹の2倍のクッキーを食べた。妹は月曜日に5枚のクッキーを食べ、翌日は13枚のクッキーを食べた。もしも1枚のクッキーが200カロリーだとすると、スーは妹と比べてどれだけ多くのカロリーを得ましたか？	5,600
