Janets Enten legen 16 Eier pro Tag. Sie isst drei jeden Morgen zum Frühstück und backt mit vier jeden Tag Muffins für ihre Freunde. Den Rest verkauft sie täglich auf dem Bauernmarkt für 2 US-Dollar pro frischem Entenei. Wie viel Dollar nimmt sie täglich auf dem Bauernmarkt ein?	18
Ein Kleid erfordert 2 Knäuel blaue Wolle und halb so viel weiße Wolle. Wie viele Knäuel braucht man insgesamt?	3
Josh beschließt, ein Haus zu verkaufen. Er kauft ein Haus für 80.000 US-Dollar und steckt anschließend 50.000 US-Dollar an Reparaturen hinein. Dadurch steigt der Wert des Hauses um 150 %. Wie viel Gewinn macht er?	70000
James beschließt, 3-mal pro Woche 3 Kurzstreckenläufe zu absolvieren. Pro Kurzstreckenlauf läuft er 60 Meter. Wie viele Meter insgesamt läuft er pro Woche?	540
Wendi füttert jedes ihrer Hühner täglich mit drei Tassen gemischtem Hühnerfutter, mit Samen, Mehlwürmern und Gemüse, damit sie gesund bleiben. Sie füttert die Hühner in drei separaten Mahlzeiten. Morgens füttert sie ihre Hühnerschar mit 15 Tassen Futter. Nachmittags gibt sie den Hühnern noch einmal 25 Tassen Futter. Wie viele Tassen Futter braucht sie, um den Hühnern die letzte Mahlzeit des Tages zu verabreichen, wenn Wendis Hühnerschar aus 20 Hühnern besteht?	20
Kylar geht ins Kaufhaus, um Gläser für seine neue Wohnung zu erwerben. Ein Glas kostet 5 US-Dollar, aber jedes weitere Glas kostet nur 60 % des Ausgangspreises. Kylar möchte 16 Gläser kaufen. Wie viel muss er dafür ausgeben?	64
Toulouse hat zweimal so viele Schafe wie Charleston. Charleston hat 4-mal so viele Schafe wie Seattle. Wie viele Schafe haben Toulouse, Charleston und Seattle zusammen, wenn Seattle 20 Schafe hat?	260
Carla lädt eine Datei mit 200 GB herunter. Normalerweise kann sie 2 GB/Minute herunterladen, aber nachdem 40 % des Downloads abgeschlossen sind, erzwingt Windows einen Neustart, um Updates zu installieren, was 20 Minuten dauert. Danach muss Carla den Download noch einmal ganz neu starten. Wie lange dauert das Herunterladen der Datei?	160
John fährt 3 Stunden lang mit einer Geschwindigkeit von 60 Meilen/Stunde und dreht dann um, weil er bemerkt, dass er etwas ganz Wichtiges zu Hause vergessen hat. Er versucht, innerhalb von 4 Stunden nach Hause zu kommen, verbringt allerdings die ersten 2 Stunden im Stau. Die anschließende halbe Stunde fährt er mit einer Geschwindigkeit von 30 Meilen/Stunde, bevor er die verbleibende Zeit von 4 Stunden mit 80 Meilen/Stunde weiterfahren kann. Wie weit weg von zu Hause ist er am Ende dieser 4 Stunden?	45
Elizas Lohn für die ersten 40 Stunden, die sie pro Woche arbeitet, beträgt 10 US-Dollar. Sie bekommt auch die Überstunden mit dem 1,2-Fachen des normalen Stundensatzes vergütet. Wie viel verdient Eliza, wenn sie diese Woche 45 Stunden arbeitet?	460
Ein neues Programm wurde 60-mal im ersten Monat heruntergeladen. Im zweiten Monat lag die Anzahl der Downloads dreimal so hoch wie die Anzahl der Downloads im ersten Monat, brach dann aber im dritten Monat um 30 % ein. Wie oft wurde das Programm insgesamt während dieser drei Monate heruntergeladen?	366
Toula ging in die Bäckerei und kaufte verschiedene Arten von Gebäck. Sie kaufte 3 Dutzend Donuts, die 68 US-Dollar pro Dutzend kosten, 2 Dutzend Mini-Cupcakes, die 80 US-Dollar pro Dutzend kosten und 6 Dutzend Mini-Cheesecakes für 55 US-Dollar pro Dutzend. Wie hoch waren die Gesamtkosten?	694
Carlos pflanzt einen Zitronenbaum. Das Pflanzen des Baumes kostet 90 US-Dollar. Jedes Jahr wachsen 7 Zitronen, die er für 1,50 US-Dollar pro Stück verkaufen kann. Es kostet 3 US-Dollar pro Jahr, den Baum zu gießen und zu düngen. Wie viele Jahre dauert es, bevor er mit dem Zitronenbaum Geld verdient?	13
Melanie ist Handelsvertreterin. Sie hat ein Drittel ihrer Staubsauger im grünen Haus, 2 weitere im roten Haus und die Hälfte der Übriggebliebenen im orangenen Haus verkauft. Wenn Melanie 5 Staubsauger übrighat, mit wie vielen hat sie dann angefangen?	18
In einer Tanzstunde mit 20 Schülern haben sich 20 % für Contemporary Dance eingetragen, 25 % der restlichen für Jazz Dance, und der Rest hat sich für Hip-Hop angemeldet. Wie viele Prozent aller Schüler haben sich für Hip-Hop angemeldet?	60
Ein Händler möchte eine Kaufentscheidung zwischen 2 Kaufoptionen treffen: Schmuck im Wert von 5.000 US-Dollar oder Elektronikgeräte im Wert von 8.000 US-Dollar. Sein Finanzberater geht davon aus, dass der Schmuckmarkt um 2,5 % zulegen wird und der Markt für Elektrogeräte um 1,2 % im selben Monat. Wenn der Händler Ende des Monats durch das Treffen einer Kaufentscheidung den Gewinn maximieren möchte, auf wie viel Gewinn käme er dann?	125
Zwei Züge verlassen San Rafael zur selben Zeit. Sie beginnen, nach Westen zu fahren und legen beide 80 Meilen zurück. Am nächsten Tag fahren sie gen Norden und legen 150 Meilen zurück. Welche Strecke legt jeder der Züge in den beiden Tagen zurück?	230
Jill bekommt 20 US-Dollar pro Stunde für den Unterricht als Lehrerin und 30 US-Dollar als Cheerleader-Coach. Wenn sie 50 Wochen pro Jahr arbeitet, 35 Wochen pro Woche als Lehrerin und 15 Stunden pro Woche als Coach, wie hoch ist dann ihr Jahresgehalt?	57500
Claire bereitet sich jeden Morgen zum Frühstück ein Omelett aus 3 Eiern zu. Wie viele Dutzend Eier isst sie innerhalb von 4 Wochen?	7
Marissa wandert einen 12 Meilen langen Wanderweg. In der 1. Stunde wandert sie die ersten 4 Meilen, anschließend die nächsten zwei Meilen in der nächsten Stunde. Wenn sie mit einer Durchschnittsgeschwindigkeit von 4 Meilen pro Stunde wandern möchte, mit welcher Geschwindigkeit (Meilen pro Stunde) muss sie den Rest der Strecke zurücklegen?	6
Ich habe 10 Liter Orangengetränk mit zwei Dritteln Wasser und möchte es zu 15 Litern Ananasgetränk mit drei Fünfteln Wasser hinzugeben. Während des Eingießens verschütte ich allerdings einen Liter des Orangengetränks. Wie viel Wasser ist in den verbleibenden 24 Litern?	15
Raymond und Samantha sind Cousins. Raymond wurde 6 Jahre vor Samantha geboren. Raymond hat mit 23 Jahren einen Sohn bekommen. Wenn Samantha jetzt 31 ist, vor wie vielen Jahren wurde dann Raymonds Sohn geboren?	14
Billy verkauft DVDs. Er hat am Dienstag 8 Kunden. Seine ersten 3 Kunden kaufen jeweils eine DVD. Seine nächsten 2 Kunden kaufen jeweils 2 DVDs. Seine letzten 3 Kunden kaufen keine DVD. Wie viele DVDs hat Billy am Dienstag verkauft?	7
Eine Kerze schmilzt jede Stunde, in der sie brennt, um 2 Zentimeter. Wie viele Zentimeter kürzer ist eine Kerze, die von 13 Uhr bis 17 Uhr brennt?	8
Kyle hat den Bestseller des vergangenen Jahres für 19,50 US-Dollar gekauft. Das ist mit einem Rabatt von 25 % auf den ursprünglichen Preis. Wie hoch war der ursprüngliche Preis des Buches?	26
Marie hat ein Hühnchengericht für 12 US-Dollar bestellt, 5 Packungen Milch für jeweils 3 US-Dollar, 4 Äpfel für jeweils 1,50 US-Dollar und ein paar Schachteln Pizza. Marie hat insgesamt 50 US-Dollar bezahlt. Wie viele Schachteln Pizza hat Marie bestellt, wenn jede Schachtel 8,50 US-Dollar kostet?	2
Mishka hat 3 Paar Shorts, 3 Hosen und 3 Paar Schuhe gekauft. Ein Paar Shorts kostet 16,50 US-Dollar. Eine Hose kostet 22,50 US-Dollar und ein Paar Schuhe 42 US-Dollar. Wie viel Dollar hat Mishka insgesamt für die Kleidung ausgegeben?	243
Cynthia isst jeden Abend eine Portion Eiscreme. Sie kauft Eiscremekartons mit 15 Portionen Eis pro Karton für 4,00 US-Dollar pro Karton. Wie viel hat sie nach 60 Tagen für Eiscreme ausgegeben?	16
Henry hat auf einer 60 Meilen langen Fahrradtour zwei Stopps eingelegt. Seinen ersten Halt machte er nach 20 Meilen. Der zweite Halt war 15 Meilen vor dem Ende der Tour. Wie viele Meilen hat er zwischen dem ersten und zweiten Halt zurückgelegt?	25
Gloria ist beim Schuhe-Shopping, als sie ein Paar Stiefel findet, das ihrem Budget entspricht. Sie muss allerdings zwischen den Stiefeln und zwei Paar High Heels wählen, die zusammen fünf Dollar weniger kosten als die Stiefel. Wenn ein Paar High Heels 33 US-Dollar kostet und das andere doppelt so viel, wie viel kosten dann die Stiefel?	104
Das Altersverhältnis von Darrell und Allen beträgt 7:11. Wenn sie jetzt zusammen 162 Jahre alt sind, berechne, wie alt Allen in 10 Jahren sein wird.	109
Gunter versucht, die Gummibärchen im Glas zu zählen. Er fragt seine Freunde, wie viele Gummibärchen sich ihrer Meinung nach im Glas befinden. Einer sagt 80. Der andere sagt 20 mehr als die Hälfte der ersten Schätzung. Ein Dritter sagt 25 % mehr als der Erste. Wie lautet ihre durchschnittliche Schätzung?	80
John kümmert sich um 10 Hunde. Jeder Hund braucht 0,5 Stunden täglich für einen Spaziergang und um sein Geschäft zu erledigen. Wie viele Stunden pro Woche kümmert er sich insgesamt um die Hunde?	35
Gretchen hat 110 Münzen. Es sind 30 mehr Gold- als Silbermünzen. Wie viele Goldmünzen hat Gretchen?	70
Siobhan besitzt 2 Schmuckstücke weniger als Aaron. Aaron hat 5 Schmuckstücke mehr als die Hälfte von Raymonds Schmuckstücken. Wenn Raymond 40 Schmuckstücke hat, wie viele Schmuckstücke besitzt dann Siobhan?	23
Mike spielt 40 Minuten lang Pingpong. In den ersten 20 Minuten macht er 4 Punkte. In den darauffolgenden 20 Minuten macht er 25 % Punkte mehr. Wie viele Punkte machte er insgesamt?	9
Terry isst 2 Joghurts pro Tag. Sie sind derzeit für 5,00 US-Dollar für 4 Joghurts im Angebot. Wie viel gibt er innerhalb von 30 Tagen für Joghurt aus?	75
John plant, sein gesamtes Spielzeug zu verkaufen und mit dem Erlös Videospiele zu kaufen. Er hat 13 Lego-Sets und verkauft sie für 15 US-Dollar pro Stück. Letztendlich kauft er 8 Videospiele für 20 US-Dollar pro Stück und hat noch 5 US-Dollar übrig. Wie viele Lego-Sets bleiben ihm noch?	2
John läuft 60 Meilen pro Woche. Er läuft 3 Tage pro Woche. Er läuft am ersten Tag 3 Stunden und an den anderen beiden Lauftagen jeweils die Hälfte. Wie schnell läuft er?	10
Dana kann viermal so schnell laufen wie sie gehen kann, aber sie kann nur mit der Hälfte ihrer Laufgeschwindigkeit hüpfen. Wenn sie mit 3 Meilen pro Stunde hüpfen kann, wie viele Meilen kann sie dann innerhalb von sechs Stunden zurücklegen, wenn sie ein Drittel der Zeit läuft und zwei Drittel der Zeit geht?	18
Brandons iPhone ist viermal so alt wie Bens iPhone. Bens iPhone ist doppelt so alt wie Suzys iPhone. Wenn Suzys iPhone 1 Jahr alt ist, wie alt ist dann Brandons iPhone?	8
Der große Drachen Perg saß hoch oben auf dem Berg Farbo und spie Feuer auf alles in einem Umkreis von 1000 Fuß. Polly konnte den goldenen Speer, die einzige bekannte Waffe, mit der sich der Drache bezwingen ließ, 400 Fuß weit werfen, also gut in die Reichweite der vom Drachen ausgestoßenen Flammen hinein. Als Polly aber den Saphir-Edelstein in den Händen hielt, konnte sie den Speer dreimal so weit werfen wie ohne den Edelstein in ihren Händen. Wenn sie den Edelstein in den Händen hielte, wie weit außerhalb der Reichweite der Flammen des Drachen könnte Polly stehen und den Drachen trotzdem noch mit dem goldenen Speer treffen?	200
Großmama Jones hat 5 Apfelkuchen für das Mittagessen der Feuerwehr gebacken. Sie schnitt jeden Kuchen in 8 Stücke und stellte fünf Kuchen auf den Buffettisch, damit sich die Gäste selbst bedienen konnten. Am Ende des Abends, nachdem sich die Gäste bedient und Kuchen gegessen hatten, waren noch 14 Kuchenstücke übrig. Wie viele Stücke haben sich die Gäste genommen?	26
Den Nährwertangaben zufolge, hat eine Tüte Chips 250 Kalorien pro Portion. Wenn eine 300 g-Tüte 5 Portionen enthält, kannst du wie viele Gramm essen, wenn dein tägliches Kalorienziel bei 2000 liegt und du bereits 1800 Kalorien zu dir genommen hast?	48
Charlie möchte Bienenwachskerzen verkaufen. Aus jedem Pfund Bienenwachs kann er 10 Kegelkerzen herstellen. Das Zubehör aus einem Pfund Bienenwachs plus Dochte kostet 10,00 US-Dollar. Wenn er die Kerzen für 2,00 US-Dollar verkauft, macht er wie viel Nettogewinn, wenn er 20 Kerzen herstellt und verkauft?	20
Meredith ist Freelance-Bloggerin und schreibt über Gesundheitsthemen und wendet sich an Kunden, was ihr fester Job ist. Das Recherchieren und Schreiben eines Blog-Artikels nimmt im Durchschnitt 4 Stunden in Anspruch. Letzte Woche hat sie am Montag 5 Artikel geschrieben und am Dienstag 2/5 mehr Artikel als am Montag. Am Mittwoch hat sie zweimal so viele Artikel verfasst wie am Dienstag. Berechne die Gesamtzahl der Stunden, die sie an drei Tagen für das Schreiben von Artikeln aufgewendet hat.	104
Candice hat 80 Post-it-Notizzettel in ihre Handtasche gepackt, bevor sie zu ihrem Job im Coffee Shop aufgebrochen ist. Unterwegs hat sie einen Zwischenstopp am Laden eingelegt und eine Packung Post-it-Notizzettel gekauft; bei der Arbeit hat sie an 220 verschiedene Tassen Kaffee jeweils einen Post-it-Notizzettel geklebt. Wenn ihr insgesamt 23 Post-it-Notizzettel übrigblieben, wie viele Post-it-Notizzettel waren dann in der Packung, die sie gekauft hat?	163
John kauft zweimal so viele rote wie blaue Krawatten. Die roten Krawatten kosten 50 % mehr als die blauen Krawatten. Er hat 200 US-Dollar für blaue Krawatten ausgegeben, die pro Stück 40 US-Dollar kosten. Wie viel hat er für Krawatten ausgegeben?	800
Tracy hat ein 4 Fuß langes Stück Draht verwendet, um die Tomatenpflanzen in ihrem Garten abzustützen. Der Draht wurde in jeweils 6 Inch lange Stücke geschnitten. Wie viele Stück Draht hatte sie?	8
Richard lebt in einem Wohnhaus mit 15 Etagen. Auf jeder Etage befinden sich 8 Wohnungen, und 3/4 des Gebäudes sind bewohnt. Wie viele Wohnungen in dem Gebäude sind insgesamt unbewohnt?	30
Lloyd hat einen Eierhof. Seine Hühner legen 252 Eier pro Tag und er verkauft sie für 2 US-Dollar pro Dutzend. Wie viel verdient Lloyd pro Woche an den Eiern?	294
Toms Schiff kann 10 Meilen pro Stunde zurücklegen. Er segelt von 13 bis 16 Uhr. Dann fährt er mit einer Geschwindigkeit von 6 Meilen/Stunde wieder zurück. Wie lange braucht er für den Rückweg?	5
Uriah wird seine Büchertasche zu schwer. Er muss 15 Pfund daraus entnehmen. Seine Comicbücher wiegen pro Stück 1/4 Pfund und seine Spielzeuge jeweils 1/2 Pfund. Wenn er 30 Comicbücher rausnimmt, wie viele Spielzeuge muss er dann noch rausnehmen?	15
Ein Mechaniker nimmt verschiedene Tarife für die Reparatur von Lastwagen- und Autoreifen. Für jeden reparierten Lastwagenreifen berechnet der Mechaniker 60 US-Dollar und für jeden reparierten Autoreifen berechnet der Mechaniker 40 US-Dollar. Am Donnerstag repariert der Mechaniker 6 Lastwagenreifen und 4 Autoreifen. Am Freitag repariert der Mechaniker 12 Autoreifen und repariert keine Lastwagenreifen. Wie viel Umsatz hat der Mechaniker an dem Tag mit dem höheren Umsatz gemacht?	40
Die Schwestern Doubtfire fahren nach Hause mit 7 Kätzchen, die sie im örtlichen Tierheim adoptiert haben, als ihre Mutter anruft, um ihnen zu sagen, dass ihre beiden Hauskatzen gerade Kätzchen zur Welt gebracht haben. Sie sagt, dass Patchy, die erste Katze, dreimal so viele Kätzchen hat wie die adoptierten, während Trixie, die andere Katze 12 zur Welt gebracht hat. Wie viele Kätzchen haben die Doubtfires jetzt?	40
Jean hat 30 Lutscher. Jean isst 2 der Lutscher. Die verbleibenden Lutscher möchte Jean in eine Tüte mit jeweils 2 Lutschern stecken. Wie viele Tüten kann Jean füllen?	14
Peter plant, diese Woche ins Kino zu gehen. Er kauft sich immer eine Eintrittskarte für 7 US-Dollar und Popcorn für 7 US-Dollar. Wenn er für die Woche 42 US-Dollar zur Verfügung hat, wie oft kann er dann ins Kino gehen?	3
Eine Holzbrücke kann nicht mehr als 5.000 Pfund tragen. Ein Lieferwagen, der identische Kisten geladen hat, von denen jede 15 Pfund wiegt, wird über die Brücke fahren. Das Gesamtgewicht von Fahrer und leerem Lastwagen beträgt 3755 Pfund. Wie hoch ist die maximale Anzahl an Kisten, die der Lastwagen laden kann, ohne die Gewichtsgrenze der Brücke zu überschreiten?	83
Stephen hat eine Online-Bestellung für Lebensmittel aufgegeben. Die Endabrechnung belief sich auf 40,00 US-Dollar. Da die Lieferung von einem Lieferdienstleister getätigt wurde, haben sie auf die Endabrechnung eine Gebühr von 25 % aufgeschlagen und ihm 3,00 US-Dollar Liefergebühr berechnet. Stephen hat außerdem 4,00 US-Dollar Trinkgeld gegeben. Nach den Extragebühren, wie hoch war der Endpreis für Stephens Lebensmittel?	57
Ein Himbeerstrauch hat 6 Trauben mit jeweils 20 Früchten und 67 einzelne Früchte über den Strauch verteilt. Wie viele Himbeeren gibt es insgesamt?	187
Ein Korb enthält 25 Orangen, von denen 1 schlecht ist, 20 % unreif und 2 sauer sind und der Rest gut ist. Wie viele Orangen sind gut?	17
Janet kauft eine Brosche für ihre Tochter. Sie zahlt 500 US-Dollar für das Material, um sie herzustellen, und weitere 800 US-Dollar für den Juwelier, damit er sie modelliert. Anschließend zahlt sie noch 10 % von diesem Betrag, um sie zu versichern. Wie viel musste sie bezahlen?	1430
Wenn Marcy 40 Jahre lang für das gleiche Unternehmen tätig ist, bekommt sie eine jährliche Rente von 50.000 US-Dollar/Jahr. Nach 20 Jahren werden ihr 5 % des Wertes der jährlichen Rente pro Jahr zugestanden. Wenn sie nach 30 Jahren geht, wie hoch ist dann ihre jährliche Rente?	25000
Aleena hat einen Streaming-Dienst abonniert, der 140 US-Dollar pro Monat berechnet. Wenn das Streaming-Unternehmen ihr für die erste Jahreshälfte den ursprünglichen Betrag berechnet und dann für die zweite Jahreshälfte 10 % weniger berechnet, berechne den Gesamtbetrag, den sie bis Ende des Jahres für den Streaming-Dienst bezahlt haben wird.	1596
Sophia denkt darüber nach, eine Autofahrt mit ihrem Auto zu machen und möchte wissen, wie weit sie mit einem Tank voll Benzin kommen wird. Seit der letzten Tankfüllung ist sie 100 Meilen gefahren, und sie musste 4 Gallonen Benzin nachfüllen, um den Tank wieder ganz aufzufüllen. In der Bedienungsanleitung für ihr Auto steht geschrieben, dass in ihren Tank 12 Gallonen Benzin passen. Wie viele Meilen kann Sophia mit einer einzigen Tankfüllung fahren?	300
Jim schaut 2 Stunden lang TV und beschließt dann, ins Bett zu gehen und halb so lange zu lesen. Das macht er 3-mal pro Woche. Wie viele Stunden verbringt er in 4 Wochen mit Fernsehschauen und Lesen?	36
Vier Schulen treten in einem Basketballturnier gegeneinander an. Jede Schule hat ein Mädchenbasketballteam und ein Jungenbasketballteam geschickt und jedes Team hat 5 Spieler. Alle Schulen haben auch einen Trainer für jedes Team mitgeschickt. Wie viele Personen haben die Schulen insgesamt geschickt?	48
Ein Schatzsucher hat eine vergrabene Schatzkiste mit Edelsteinen gefunden. Es waren 175 Diamanten, 35 weniger Rubine als Diamanten und zweimal so viele Smaragde wie Rubine. Wie viele Edelsteine waren in der Schatzkiste?	595
In der Schule von Dr. Wertz gibt es zweimal so viele Jungen wie Mädchen. Wenn es 60 Mädchen und 5 Schüler pro Lehrer gibt, wie viele Lehrer gibt es dann?	36
Bailey startet mit einem bestimmten Geldbetrag. Dann erhält sie 8 Wochen lang eine wöchentliche Vergütung von 5 US-Dollar. Wenn sie am Ende der 8 Wochen über eine Gesamtsumme von 100 US-Dollar verfügt, hatte Bailey am Anfang wie viel Geld?	60
Judy unterrichtet 5 Tanzkurse, täglich, an den Wochenenden und 8 Kurse am Samstag. Wenn jeder Kurs aus 15 Schülern besteht und sie 15,00 US-Dollar pro Schüler verlangt, wie viel Geld macht sie dann innerhalb 1 Woche?	7425
Kelian hat zwei Kochrezepte, wobei das eine 20 Anweisungen umfasst und das andere zweimal so viele Anweisungen wie das erste. Wie viele Anweisungen muss Kelian lesen, damit er die beiden Rezepte zubereiten kann?	60
Tommy sammelt für seine Wohltätigkeitsorganisation, indem er Brownies für 3 US-Dollar pro Stück und Käsekuchenstücke für 4 US-Dollar pro Stück verkauft. Wenn Tommy 43 Brownies und 23 Käsekuchenstücke verkauft, wie viel Geld sammelt er dann?	221
Shiela hat fünf Handys für 150 US-Dollar pro Stück mit einem Ratenzahlungsvertrag über 3 Monate gekauft. Pro Stück werden 2 % Zinsen verlangt. Wie viel zahlt Shiela jeden Monat 3 Monate lang?	255
Artie hat einen Blumenstand auf dem Bauernmarkt. Er verkauft drei Blumensorten: Ringelblumen, Petunien und Begonien. Er verkauft normalerweise Ringelblumen für 2,74 US-Dollar pro Topf, Petunien für 1,87 US-Dollar pro Topf und Begonien für 2,12 US-Dollar pro Topf. Artie hat heute kein Wechselgeld, also entschließt er sich, alle Preise auf den nächsthöheren Dollarbetrag aufzurunden. Wenn Artie 12 Töpfe Ringelblumen, 9 Töpfe Petunien und 17 Töpfe Begonien verkauft, wie viel verdient er dann?	88
Luke verbringt Zeit am Strand und baut Sandburgen. Schließlich stellt er fest, dass jede Ebene einer Sandburg nur halb so viele Quadratmeter hat wie die darunterliegende Ebene. Wenn er eine 4-stöckige Sandburg baut, mit einer oberen Ebene von 16 Quadratmetern, was ist dann die durchschnittliche Quadratmeterzahl einer Ebene?	60
Cecilia hat gerade einen neuen Welpen gekauft. Laut ihrem Tierarzt muss sie den Welpen in den ersten 180 Tagen mit 1 Tasse Hundefutter täglich füttern. Danach muss sie den Welpen mit 2 Tassen Hundefutter täglich für den Rest seines Lebens füttern. Wenn eine Tüte Hundefutter 110 Tassenportionen enthält, wie viele Tüten Hundefutter verbraucht Cecilia dann im ersten Jahr?	5
Wenn Raymond halb so viel Wäsche wäscht wie Sarah, und Sarah 4-mal so viel Wäsche wäscht wie David, berechne den Unterschied in der Wäschemenge, die Raymond und David waschen, wenn Sarah 400 Pfund Wäsche wäscht.	100
Vincent kann Blumen in 3-er-Packungen für 2,50 US-Dollar oder in 2-er-Packungen für 1 US-Dollar kaufen. Wie viel Geld spart er, wenn der 18 Blumen zum besseren Preis kauft?	6
John adoptiert einen Hund. Er bringt den Hund zum Hundefrisör, was 100 US-Dollar kostet. Der Hundefrisör bietet ihm einen Rabatt von 30 % an, da er Neukunde ist. Wie viel kostet die Sitzung beim Hundefrisör?	70
Zwei Mädchen bekamen jeweils 1/6 der 24 Liter Wasser. Dann bekam ein Junge 6 Liter Wasser. Wie viele Liter Wasser blieben übrig?	10
Charlie hatte 10 Sticker. Er hat 21 Sticker in einem Laden in der Mall gekauft und bekam 23 Sticker zum Geburtstag geschenkt. Dann gab Charlie seiner Schwester 9 der Sticker und benutzte 28 zum Dekorieren einer Grußkarte. Wie viele Sticker hat Charlie übrig?	17
Grace wiegt 125 Pfund. Alex wiegt 2 Pfund weniger als das 4-fache des Gewichts von Grace. Wie viel Pfund wiegen sie zusammen?	623
Dan pflanzt 3 Rosenbüsche. Jeder Rosenbusch trägt 25 Rosen. Jede Rose hat 8 Dornen. Wie viele Dornen sind es insgesamt?	600
Ein Fußballteam spielt 22 Spiele. Sie haben 8 mehr gewonnen als verloren. Wie viele haben sie gewonnen?	15
Gene näht eine Decke aus alten Erinnerungs-T-Shirts. Er hat ein T-Shirt aus jedem Urlaub, in dem er war. Jedes Shirt bildet einen eigenen Deckenabschnitt. Jede Reihe ist aus Abschnitten eines anderen Ferienjahrs gefertigt. Er macht viermal im Jahr Urlaub und verreist, seit er 23 Jahre alt ist. Jetzt ist er 34 Jahre alt. Wie viele Deckenabschnitte hat er insgesamt?	44
Greg hat einen Wecker gestellt, der dreimal am Tag zur Erinnerung klingelt. Wenn der Wecker losgeht, klingelt er so lange, bis Greg ihn ausschaltet. Als er heute zum ersten Mal losging, hat er viermal geklingelt. Beim zweiten Mal, als er losging, hat er dreimal so lange geklingelt wie beim ersten Mal. Beim dritten Mal hat er halb so lange geklingelt wie beim zweiten Mal. Wie oft hat der Wecker insgesamt geklingelt?	22
Ein Unternehmen zahlt jedem seiner Mitarbeiter 600 US-Dollar pro Monat. Das Unternehmen betreibt eine Unternehmenspolitik, bei der das Gehalt aller Mitarbeiter um 10 % des Ursprungsgehalts für diejenigen angehoben wird, die seit fünf Jahren im Unternehmen sind. Wenn Sylvie im letzten Dezember genau 5 Jahre im Unternehmen war, ist ihr Gehalt nach weiteren drei Jahren wie hoch?	9360
Marilyns erste Platte wurde 10-mal so häufig verkauft wie Haralds. Wenn sie zusammen 88.000 Exemplare verkauft haben, hat Harald wie viele Exemplare verkauft?	8000
Christina plant eine Geburtstagsparty und braucht für jeden eingeladenen Gast 0,75 Geschenktüten, da 1/4 der Gäste nicht erscheint. Sie hat 16 Freunde eingeladen. Die Geschenktüten kosten 2 US-Dollar pro Stück. Wie viel gibt sie aus?	24
Ted der T-Rex plant, Kartoffelsalat zum Dinopicknick mitzubringen. Er weiß, dass ein erwachsener Dinosaurier 10 Pfund Kartoffelsalat isst, und ein Junges halb so viel isst wie ein erwachsenes Tier. Wenn am Picknick 20 Erwachsene und 5 Junge teilnehmen, muss Ted wie viel Kartoffelsalat zum Picknick mitbringen, wenn er die Hoffnung hat, alle satt zu bekommen?	225
Jan hat dreimal so viele Haustiere wie Marcia. Marcia hat zwei Haustiere mehr als Cindy. Wenn Cindy vier Haustiere hat, wie viele Haustiere haben dann alle drei zusammen?	28
Emily hat 4 Kinder, die Amy, Jackson, Corey und James heißen. Amy ist 5 Jahre älter als Jackson und 2 Jahre jünger als Corey. Wenn James 10 Jahre alt ist und 1 Jahr jünger als Corey, wie alt ist dann Jackson?	4
Lee konnte die 400 Meter Hürdenlauf zwei Sekunden schneller laufen als Gerald die 400 Meter Hürden läuft. Gerald hat allerdings seine Ernährungsweise umgestellt, wodurch er seine Geschwindigkeit um 10 % verbessert hat. Wenn Lee die 400 Meter Hürden in 38 Sekunden läuft, wie schnell kann dann Gerald, mit seiner verbesserten Ernährungsweise, die 400 Meter Hürden in Sekunden laufen?	36
In einem Wohnviertel ist die Anzahl an Kaninchen als Haustier zwölf Mal geringer als die Anzahl an Hunden und Katzen als Haustiere zusammen. Wenn auf jeden Hund zwei Katzen kommen, und es 60 Hunde gibt, gibt es insgesamt wie viele Haustiere in dem Viertel?	348
Von den 200 Schülern der 5. Klasse sind 2/5 Jungen, und 2/3 der Mädchen bei den Pfadfinderinnen. Wie viele Mädchen sind bei den Pfadfinderinnen?	40
Harry hat letzte Nacht 9 Stunden geschlafen. Sein Freund James schlief nur 2/3 der Zeit, die Harry geschlafen hat. Wie viele Stunden hat Harry mehr geschlafen als James?	3
Wenn Freda Tomaten in Dosen zu Soße verkocht, verlieren sie die Hälfte an Gewicht. Jede 16-Unzen-Dose Tomaten, die sie verwendet, enthält drei Tomaten. Die letzte Portion Tomatensoße ergab 32 Unzen Soße. Wie viele Tomaten hat Freda verbraucht?	12
Auf der Autobahn reihen sich Autos aneinander. Einige der Autos fahren in den ersten 15 Minuten des Staus durch, anschließend noch einmal 20 weitere Autos in den verbleibenden 15 Minuten des Staus. 5 Autos scheren aus der Reihe aus, sodass sie nicht durch den Stau fahren müssen. Wenn ursprünglich 30 Autos auf der Autobahn standen, wie viele Autos sind dann in den ersten 15 Minuten durch den Stau gefahren?	5
Mary ist Gärtnerin aus Leidenschaft. Gestern hat sie 18 neue Topfpflanzen von ihrer Lieblingsgärtnerei bekommen. Sie hat bereits 2 Topfpflanzen auf jedem der 40 Fenstersimse ihres großen Landhauses stehen. Ihr ist großzügig zumute und sie hat sich entschlossen, dass sie 1 Topfpflanze von jedem Fenstersims morgen an Freunde und Familie verschenken möchte. Wie viele Topfpflanzen bleiben Mary übrig?	58
Jerome hat 4 Freunde, die ihn an einem gewissen Tag besuchten. Der erste Freund hat 20-mal die Türklingel betätigt, bevor Jerome öffnete, der zweite hat die Türklingel 1/4 Mal öfter betätigt als Jeromes erster Freund. Der dritte Freund hat die Türklingel 10-mal öfter betätigt als der vierte Freund. Wenn der vierte Freund die Türklingel 60-mal betätigt hat, hat die Türklingel insgesamt wie oft geklingelt?	175
Solo muss 4 Seiten aus seinem naturwissenschaftlichen Textbuch lesen, 20 Seiten aus seinem Gemeinschaftskundebuch, 7 Seiten aus seinem Geschichtsbuch und 8 Seiten aus seinem Geografiebuch. Solo liest am Montag 15 Seiten. Wenn er noch 4 Tage hat, um alles zu lesen, muss er pro Tag im Durchschnitt wie viele Seiten lesen?	6
John trinkt zum Frühstück, zum Mittagessen und Abendessen gern ein Glas Wasser. Zum Abschluss trinkt er auch noch eins vor dem Zubettgehen. John macht das an jedem Wochentag, aber an den Wochenenden entspannt er gern und trinkt zum Abendessen stattdessen ein Glas Limonade. Wie viele Gläser Wasser trinkt John pro Woche?	26
Ein Nebelschleier kommt vom Meer herüber und legt sich über eine Stadt. Er braucht 10 Minuten, um jeweils 3 Meilen der Stadt zu bedecken. Wenn sich die Stadt vom Meeresufer bis zum gegenüberliegenden Landesinneren über 42 Meilen erstreckt, braucht der Nebelschleier wie viele Minuten, bis er sich über die ganze Stadt gelegt hat?	140
Poppy löst ein 1000-Teile-Puzzle. Sie legt ein Viertel der Teile auf das Brett, dann legt ihre Mama ein Drittel der verbleibenden Teile. Wie viele Puzzleteile müssen noch gelegt werden?	500
Cody isst dreimal mehr Kekse als Amir. Wenn Amir 5 Kekse isst, wie viele Kekse essen dann beide zusammen?	20
John hat 3 Kisten. Jede Kiste ist 5 Inch mal 6 Inch mal 4 Inch groß. Die Wände sind 1 Inch dick. Wie groß ist das Innenvolumen aller 3 Kisten zusammen?	72
Frankie sieht jeden Abend, nachdem er seine Hausaufgaben gemacht hat, fern. Am Montag und am Dienstag hat er jeweils eine 1-stündige Folge seiner Lieblingssendung angeschaut. Am Mittwoch hat er einige Folgen einer 30-minütigen Sendung angeschaut. Am Donnerstag hatte er seine Hausaufgaben früher erledigt und eine 1-stündige Folge und eine 30-minütige Show angeschaut. Am Freitag durfte er wegen des Wochenendes später aufbleiben und hat zwei 1-stündige Folgen angeschaut. Wenn er insgesamt 7 Stunden ferngesehen hat, hat er am Mittwoch wie viele 30 Minuten lange Folgen angeschaut?	3
Henry backt Kekse für einen regionalen Backwettbewerb. Er möchte zweimal so viele backen wie letztes Jahr. Als er mit dem Backen fertig ist, bemerkt er, dass er 15 Kekse mehr gebacken hat als er eigentlich wollte. Er lässt 5 seiner Kekse fallen, als er sie zum Kühlen rausstellt und hat jetzt insgesamt 110 Kekse. Wie viele Kekse hat Henry letztes Jahr gebacken?	50
Eine örtliche Tankstelle verkauft Benzin für 3,00 US-Dollar pro Gallone. Ein App-Unternehmen bietet eine Rückerstattung von 20 US-Dollar an, wenn du an dieser Tankstelle tankst. Wenn jemand 10 Gallonen Benzin kauft, kostet das Benzin nach der Rückvergütung wie viel?	28
Marcell und Beatrice haben einen Wettbewerb laufen, um zu sehen, wer die meisten Fruchtrollen essen kann, also entrollen sie alle, die sie finden können. Leider macht jemand einen Fehler und das von Beatrice war zwei Rollen breit und 24 Rollen lang, während das von Marcell 3 Rollen breit und 14 Rollen lang war. Wenn beide ihre gesamte Menge essen, haben sie im Durchschnitt wie viele gegessen?	45
Julias Boot hatte ein Leck als sie auf dem See draußen war. Das Boot hat für alle zehn Fuß, die sie zurück zum Ufer gerudert ist, zwei Liter Wasser geschluckt. Sie brauchte sechzehn Sekunden, um zwanzig Fuß zu rudern. Der Strand war 64 Sekunden entfernt. Wie viel Wasser hatte das Boot geschluckt, als Julia den Strand erreichte?	16
Ein Klassenraum hat eine Tafel, die sich die 4 Lehrer teilen, die den Klassenraum abwechselnd nutzen. Jeder Lehrer hat 2 Unterrichtsstunden pro Tag und nutzt die Tafel in jeder Unterrichtsstunde. Wenn die Tafel 3-mal pro Unterrichtsstunde gewischt wird, wird die Tafel wie oft pro Tag gewischt?	24
Ryan pflanzt pro Tag 2 Blumen in seinem Garten. Nach 15 Tagen hat er wie viele Blumen, wenn 5 nicht angewachsen sind?	25
Jamals Handy kann 6-mal mehr Fotos speichern als Brittanys Handy. Die maximale Anzahl an Fotos, die Brittanys Handy speichern kann, ist 50-mal höher als die Anzahl an Vögeln auf Jamals Foto mit den Enten im Zoo. Wenn Jamals Handy 1.800 Fotos speichern kann, sind wie viele Enten auf Jamals Foto von den Enten im Zoo zu sehen?	6
Sasha bemerkt, dass die Holzpreise um 50 % in den letzten paar Monaten gestiegen sind, seit sie Holz gekauft hat. Da sie einen Rest übrighat, beschließt sie, ihn zu verkaufen. Sie hat zehn 2 x 4 x 10 große Bretter übrig, für die sie pro Stück 10 US-Dollar bezahlt hat. Sie hat auch fünf 4 x 4 x 10 Bretter, die sie für 16 US-Dollar pro Stück gekauft hat. Wenn sie alle verkauft, macht sie wie viel Gewinn?	90
Katy bereitet Kaffee zu und verwendet dazu Teelöffel mit Zucker und Tassen mit Wasser im Verhältnis 7:13. Wenn sie insgesamt 120 Teelöffel Zucker und Tassen Wasser verwendet hat, berechne die Anzahl der Teelöffel Zucker, die sie verwendet hat.	42
John kauft 2 Paar Schuhe für jedes seiner 3 Kinder. Sie kosten 60 US-Dollar pro Paar. Wie viel hat er bezahlt?	360
Ein Zollbeamter am Haupthafen der SeaSide Zollabfertigung hat 2 Container mit importierten Autos gezählt, wobei sich in jedem 5 Autos befanden. Am nächsten Tag wurden noch mehr Container geliefert und die Gesamtzahl der Autos am Hafen stieg auf 30. Berechne die Anzahl der Container, die am zweiten Tag importiert wurden, ausgehend davon, dass alle Container 5 Autos enthalten.	4
Adriens Gehalt war 30 Prozent höher als Lylahs. Vier Jahre später erhöhte sich sein Gehalt und er verdiente 40 % mehr als das, was er vor vier Jahren verdient hat. Wenn Adriens und Lylahs Gehalt gleichzeitig steigen und Adrian vor vier Jahren 40.000 US-Dollar verdient hat, berechne das gesamte Gesamtgehalt, das beiden vier Jahre später verdienten?	95200
Miguel verwendet 2 Blätter Papier pro Woche für seine Zeichnungen. Wenn ein Zeichenblock 30 Blätter Papier hat, wie viele Blätter Papier verbraucht er dann pro Monat?	240
Morisette und Kael wurden gebeten, Obst mitzubringen. Morisette brachte 5 Äpfel und 8 Orangen mit, und Kael brachte die doppelte Menge an Äpfeln und halb so viele Orangen wie Morisette mit. Wie viele Früchte haben sie insgesamt?	27
Sadie hat am Montag 8 Stunden geschlafen. An den nächsten beiden Tagen schlief sie 2 Stunden weniger pro Tag, da sie einige Aufgaben zu erledigen hatte. Wenn sie den Rest der Woche über 1 Stunde mehr als an diesen beiden Tagen geschlafen hat, hat sie wie viele Stunden in der Woche insgesamt geschlafen?	48
Rosie kann 3 Stunden lang mit 10 Meilen pro Stunde laufen. Danach läuft sie 5 Meilen pro Stunde. Wie viele Meilen kann sie in 7 Stunden zurücklegen?	50
Jennie hilft im Büro ihrer Mutter. Sie hat einen Stapel mit 60 Briefen, die frankiert werden müssen und einen bereits frankierten Briefstapel. Sie klebt Briefmarken auf ein Drittel der Briefe, die frankiert werden müssen. Wenn sich jetzt in dem Stapel mit den bereits frankierten Briefen 30 Briefe befinden, waren wie viele Briefe in dem Stapel, als Jennie angefangen hat?	10
Julia hat sich auf eine Dinnerparty in ihrem Haus vorbereitet, bei der sie Eintopf servieren wollte. Sie bemerkte, dass sie keine Plastiklöffel mehr hatte, also kaufte sie eine neue Packung Löffel. Später kaufte auch ihr Mann eine Packung mit 5 neuen Löffeln und gab sie Julia. Während Julia den Eintopf vorbereitete, benutzte sie drei der Löffel zum Probieren der Suppe. Später, als sie den Tisch deckte, hatte sie insgesamt 12 Löffel. Wie viele Löffel waren in der Packung, die Julia gekauft hat?	10
Dylan brauchte Geflügelwürstchen und Fischwürstchen, um bei einer Party Wurstbrötchen zuzubereiten. Er hat 38 Geflügelwürstchen und 6 mehr Fischwürstchen als Geflügelwürstchen gekauft. Wie viele Würstchen hat Dylan insgesamt gekauft?	82
Nach Versetzung in eine neue Schule fand Amy 20 Freunde mehr als Lily. Wenn Lily 50 Freunde fand, wie viele Freunde haben Lily und Amy dann zusammen?	120
Wells Mutter verkauft Wassermelonen, Paprika und Orangen in einem lokalen Laden. Eine Wassermelone kostet dreimal mehr als jede einzelne Paprika. Eine Orange kostet 5 Mal weniger als eine Wassermelone. Dillon wird in den Laden geschickt, um 4 Wassermelonen, 20 Paprika und 10 Orangen zu kaufen. Wie hoch ist der gesamte Geldbetrag, den er ausgibt, wenn jede Paprika 15 $ kostet?	880
In einem Krankenhaus werden 500 Personen pro Tag untersucht. Jeder Patient wird durchschnittlich 24 Minuten lange untersucht. Die Ärzte berechnen dem Krankenhaus 150 $ pro Stunde, und das Krankenhaus berechnet den Patienten 200 $ pro Stunde. Wie viel Gewinn macht das Krankenhaus mit diesen Konsultationen?	10000
Nissa stellt 60 Saisonarbeiter ein, damit sie im Weihnachtsdorf ihres Kaufhauses die Elfen spielen. Ein Drittel der Elfen kündigt, nachdem Kinder sich auf ihnen übergeben, dann kündigen 10 der verbleibenden Elfen, nachdem Kinder sie ins Schienbein treten. Wie viele Elfen sind noch übrig?	30
Im Mai lagen die Ausgaben von Joseph bei 500 $. Im Juni waren seine Ausgaben 60 $ geringer. Wie hoch waren seine Gesamtausgaben in diesen beiden Monaten?	940
Pam und Fred gingen auf einen Jahrmarkt. Pam fuhr 2 Mal mit der Achterbahn, Fred hingegen 4 Mal. Danach beschloss jeder von ihnen, 2 Mal mit dem Schlitten zu fahren. Wenn jede Fahrt 6 Karten kostet, wie viele Karten haben Sie dann an diesem Tag verbraucht?	60
Am Montag ging Walt 4 Meilen zu Fuß. Am Donnerstag ging er 6 Mal so viele Meilen, wie er am Montag gegangen war. Von Montag bis Mittwoch betrug seine Gesamtstrecke 41 Meilen. Wie viele Meilen ist er am Mittwoch gegangen?	13
Tom leistet sich 4 Autowäschen pro Monat. Wenn jede Autowäsche 15 $ kostet, wie viel bezahlt er dann in einem Jahr?	720
Brians Freund Bobby hat 5 Videospiele weniger als 3 Mal so viele wie Brian. Wenn Brian 20 Videospiele hat, aber davon 5 verlor, kurz bevor der Vergleich angestellt wurde, wie viele hat Bobby dann?	40
Es gibt noch 27 Einhörner auf der Welt. Ein Drittel davon befindet sich im schottischen Hochland. Zwei Drittel der schottischen Einhörner sind Weibchen. Wie viele schottische Einhorn-Weibchen gibt es?	6
Rory bestellt 2 Jumbo-Sandwiches für je 7,50 $, 2 Tüten Chips für 1,50 $ und 2 Kekse für 1,00 $, jeweils zur Lieferung. An der Kasse werden 20 % Liefergebühr addiert, und sie will 5,00 $ Trinkgeld addieren. Wie viel wird ihr Lieferauftrag kosten?	29
Mark machte gestern einen Test, der aus 75 Fragen bestand. Er vervollständigte den Test mit einer Geschwindigkeit von 5 Fragen pro Stunde. Heute machte er einen anderen Test mit 100 Fragen in der gleichen Geschwindigkeit. Wenn Mark 8 Stunden Zeit hatte, um den ersten, und 6 Stunden, um den zweiten Test zu vervollständigen, wie viele Fragen ließ er dann unvollständig?	105
In einem Kaugummiautomaten gibt es 22 rosa Kaugummikugeln mehr als das Vierfache der Anzahl blauer Kaugummikugeln. Wenn es 12 blaue Kaugummikugeln gibt, wie viele Rosafarbene gibt es dann?	70
Von den 20 verfügbaren Mietwagen sind 12 Automatikwagen, 4 Wagen mit Handschaltung und der Rest Halbautomaten. Wie viel Prozent der Autos sind Halbautomaten?	20
Es gibt 700 Bienen in einem Bienenstock. Es gibt zwei Mal so viele Arbeiterbienen wie Babybienen, und es gibt zweimal so viele Babys wie Königinnen. Wie viele Arbeiterbienen gibt es?	400
Jordan spielt jeden Tag 2 Stunden Videospiele. Er hat auch einen Teilzeitjob, bei dem er 10 $ pro Stunde verdient. Wie viel Geld würde Jordan in einer Woche verdienen, wenn er seine Videospielzeit mit Arbeit verbrächte?	140
John kauft Milch für 2 Dollar, Eier für 3 Dollar, Glühbirnen für 3 Dollar, Tassen für 3 Dollar und Kakerlakenfallen für 4 Dollar. Wenn es 10 % Steuer auf alle Non-Food-Artikel gibt, sind die Kosten wie hoch.	16
Kim hat seine eigene Haushaltungsfirma gegründet und rechnet aus, wie viel Gewinn er mit jedem seiner Kunden machen wird. Er hat bereits 3 Kunden, spricht aber gerade mit 5 potenziellen Kunden und ist optimistisch genug, um sie in seine Berechnung aufzunehmen. Das Zuhause jedes Kunden braucht jeweils 2 Flaschen Bleichmittel und eine Packung Lappen, um es zu reinigen. Die Bleichmittelflaschen kosten jeweils 2 $ und die Packungen mit Lappen jeweils 5 $. Das sind seine einzigen Ausgaben. Er rechnet aus, dass sein Gesamteinkommen 92 $ pro Woche betragen wird. Der Gewinn ist die Differenz zwischen Gesamteinkommen und Gesamtausgaben, wie viel Dollar Gewinn wird Lucas also jede Woche machen?	20
John hat ein 10 Hektar Ananasfeld. Es gibt 100 Ananas pro Hektar. John kann seine Ananas alle 3 Monate ernten. Wie viele Ananas kann John innerhalb eines Jahres ernten?	4000
Johnny hebt gerade das Spielzeug auf dem Boden seines Zimmers auf. Er hat einen verpackten Lego-Bausatz mit 500 Teilen auf den Boden geschüttet und einen anderen, der 3 Mal so viele Teile hatte wie der 500-teilige, und einen anderen, der 1/4 der Anzahl Teile hatte. Wie viele Klötze hebt Johnny auf, wenn er alle Legosteine aufhebt?	2,125
Debra beobachtet gerade einen Bienenstock, um zu sehen, wie viele Bienen pro Tag kommen und gehen. In den ersten 6 Stunden sieht sie 30 Bienen den Bienenstock verlassen und in den nächsten 6 Stunden sieht sie dann 1/2 so viele Bienen zurückkehren. In den nächsten 6 Stunden sieht sie doppelt so viele Bienen den Bienenstock verlassen, wie sie zuerst den Bienenstock verlassen sah. Jede Biene, die davor weggeflogen und noch nicht zurückgekehrt war, kehrte dann in den nächsten 6 Stunden in den Bienenstock zurück. Wie viele Bienen sah Debra in den letzten 6 Stunden des Tages in den Bienenstock zurückkehren?	75
Brittany und ihre Mutter gehen ins Museum. Der Eintrittspreis beträgt 12 $ für Erwachsene und 10 $ für Kinder. Brittanys Mutter gibt dem Kassierer Geld für 1 Kinderkarte und 1 Erwachsenenkarte. Wenn sie 8 $ Wechselgeld bekam, wie viel Geld hatte sie dann dem Kassierer in Dollar gegeben?	30
Charlie hat drei Mal so viele Facebook-Freunde wie Dorothy. James hat vier Mal so viele Freunde auf Facebook wie Dorothy. Wenn Charlie 12 Freunde auf Facebook hat, wie viele Facebook-Freunde hat dann James?	16
Steve und Tim beschließen herauszufinden, wer schneller von der Schule zu Hause ist. Steve wohnt weiter entfernt als Tim, darum darf er mit seinem Fahrrad fahren. Steve wohnt 3 Meilen von der Schule entfernt und kann mit dem Fahrrad 440 Fuß pro Minute zurücklegen. Tim wohnt 2 Meilen von der Schule entfernt. Wenn Tim mit seinem Skateboard 264 Fuß pro Minute zurücklegt, wie lang wartet der Gewinner dann bei sich zu Hause, bevor der Verlierer das Rennen beendet?	4
Shawnda beschließt, dass die Kinder in ihrer Nachbarschaft wirklich einen Fahrrad-Aufpump-Service gebrauchen könnten. Sie beschließt, dass pro Reifen abzurechnen, die beste Methode ist. Jeder Reifen kostet 25 Cent, um ihn aufzupumpen. Am ersten Tag kamen 5 Personen auf Fahrrädern vorbei, um beide Reifen aufpumpen zu lassen. 3 Personen kamen vorbei, um alle ihre Dreiradreifen aufpumpen zu lassen. Schließlich kam tatsächlich eine Person auf einem Einrad vorbei. Wie viel Dollar hat sie an diesem Tag verdient?	5
Carl kauft zehn Kekspackungen. In jeder Kekspackung sind sechs Kekse. Jeder Keks kostest 0,10 $. Wie viel Wechselgeld bekommt Carl, wenn er mit einer 10$-Note bezahlt?	4
Dave kaufte eine große Packung Pommes frites und aß vierzehn, bevor eine hungrige Möwe die Packung aus seiner Hand klaute. Als die Möwe landete, verschlang sie halb so viele Pommes frites, wie Dave gegessen hatte. Dann drängelten sie drei Tauben von dem Essen weg, und jede Taube aß drei Pommes frites. Später klaute ein Waschbär zwei Drittel der verbleibenden Pommes frites. Ameisen trugen ein letztes Pommes frite davon und ließen fünf zurück. Wie viel Pommes frites waren in der Packung, als Dave sie kaufte?	48
Montags, mittwochs und freitags hat College-Student Kimo drei 1-stündige Kurse pro Tag. Dienstags und Donnerstags hat er zwei 2-stündige Kurse pro Tag. Ein Semester hat 16 Schulwochen. Wie viele Stunden verbringt Kimo in einem Semester mit Kursbesuchen?	272
Bill backt 300 Brötchen, 120 Schokoladencroissants und 60 Baguettes pro Tag. Jedes Brötchen ist 4 Zoll lang, jedes Croissant ist 6 Zoll lang und jedes Baguette ist zwei Fuß lang. Wenn Bill alle Backwaren aneinander legt, wie lang sind sie dann in Fuß?	280
Der Zoowärter füttert alle Affen in dem Zoo. Alle 2 Monate bestellt er alle Bananen bei einer lokalen Farm. Wenn jeden Monat die Affen 200 Bananen, die Gorillas 400 Bananen und die Paviane 100 Bananen brauchen, wie viele Bananen muss er bestellen, um 2 Monate zu überdauern?	1400
Blake und Kelly veranstalten einen Wettkampf, um zu sehen, wer in 15 Minuten weiter laufen kann. Sie beschließen, es auf einem Footballfeld zu tun, das 100 Yards lang ist. Blake läuft 15 Mal hin und zurück. Kelly läuft einmal hin und zurück und beschließt dann, dass sie nicht neben Blake laufen will; also beginnt sie, zur 40-Yard-Linie und zurück zu laufen. Sie tut dies 34 Mal. Wie viel läuft der Gewinner weiter als der Verlierer?	80
Raphael ging einige Schulsachen kaufen. Er kaufte 4 Stifte, die jeweils 1,5 $ kosten, 2 Hefte, die jeweils 4 $ kosten und ein Ries Schreibpapier, das 20 $ kostet. Wie viel gab er für alles aus?	34
Finn beobachtet 11 schwimmende Kaulquappen in einem Teich. Plötzlich sieht er 6 von ihnen aus dem Versteck unter einem Seerosenblatt kommen, dann sieht er 2 von ihnen unter einem Stein verschwinden. Wie viele Kaulquappen kann Finn jetzt im Teich sehen?	15
Ein Wassertank hat am Montag eine Tiefe von 17 Fuß. Am Dienstag hat der Tank 7 Fuß Wasser mehr. Am Mittwoch beträgt die Wassertiefe zwei Drittel dessen, was am Dienstag darin gewesen war. Wie ist die Wassertiefe des Tanks am Mittwoch?	16
Anakin und Locsin gingen heute zum Strand. Anakin fing 10 Seesterne, 6 Seepferdchen und 3 Clownfische. Locsin fing hingegen 5 Seesterne weniger, 3 Seepferdchen weniger und 2 Clownfische mehr als Anakin. Wie viele Fische konnten sie fangen?	32
Wenn ein Beutel Murmeln 20 $ kostet, und der Preis alle zwei Monate um 20 % des ursprünglichen Preises steigt, wie viel würde ein Beutel Murmeln dann nach 36 Monaten kosten?	92
In einem Zimmer gibt es verschiedenes Spielzeug: 5 rote Autos, 3 Actionfiguren und eine Puppe. Die Puppe kostet so viel wie 3 Actionfiguren, und ein rotes Auto kostet 4 $. Wie viel ist das ganze Spielzeug wert, wenn eine Actionfigur 5 $ kostet?	50
Jackie versucht gerade zu entscheiden, ob sie ihre Steuererklärung selbst machen oder einen Buchhalter beauftragen soll. Wenn sie die Steuererklärung selbst macht, kann sie 3 Stunden weniger freiberuflich tätig sein und verliert 35 $/Stunde in entgangenem Einkommen. Der Buchhalter berechnet 90 $. Wie viel mehr Geld wird sie haben, wenn sie den Buchhalter beauftragt?	15
Zu seinem 30. Geburtstag wünscht sich Elvira einen neuen Computer mit viel Zubehör als Geschenk. Sie hat ein Budget von 1500 €, gespendet von ihrer ganzen Familie, und denkt, dass sie etwas Geld behalten kann, um sich ein Kleidungsstück zu leisten. Sie geht in einen Computerladen und sucht einen Computer aus, der 1090 € kostet, samt Bildschirm, Tastatur und Maus. Sie nimmt auch einen Scanner für 157 €, einen CD-Brenner im Wert von 74 € und einen Drucker für 102 €. Wie viel Geld wird sie für ihre Kleidung übrig haben?	77
Sandras Nachbar gibt ihr einen Korb mit 9 Eiern, immer wenn sie seine Tochter hütet. Um einen spanischen Karamellpudding zu machen, braucht sie 3 Eier. Wenn Sandra beauftragt wurde, 15 spanische Karamellpuddings für die Spendensammlung ihrer Schule zu machen, wie oft muss Sandra dann babysitten?	5
Seth ist doppelt so alt wie Brooke. In 2 Jahren wird die Summe ihres Alters 28 betragen. Wie alt ist Seth?	16
Jimmy hat 2 $ mehr als doppelt so viel Geld wie Ethel. Wenn Ethal 8 $ hat, wie viel Geld hat dann Jimmy im Moment?	18
Pancho geht pro Tag 20 Meilen zu Fuß. Außer an Wochenenden, an denen er 10 Meilen zu Fuß geht. Wie viele Meilen geht er in einer Woche zu Fuß?	120
Die Blaskapelle bestellt gerade neue Uniformen. Geliefert wird jede Uniform mit einem Hut, der 25 $ kostet, einer Jacke, die drei Mal so viel kostet wie der Hut, und Hosen, die den Durchschnittspreis von Hut und Jacke kosten. Wie viel kostet jede Uniform insgesamt?	150
Jake geht gerade durch das Entomologiemuseum. Er sieht 80 Spinnen mit jeweils 8 Beinen, 90 Insekten mit jeweils 6 Beinen und 3 seltene mutierte Invertebraten mit jeweils 10 Beinen. Wie viele Beine sieht Jake insgesamt?	1210
Es gibt vier Vögel in der Kombüse. Sally Two ist drei Jahre älter als Granny Red. Granny Red ist zwei Mal älter als Sally Four. Wenn Sally Four gleich alt ist wie Sally Thirtytwo und Sally Thirtytwo 8 Jahre älter, wie hoch ist dann das Gesamtalter der vier Vögel?	51
Jessica versucht gerade herauszufinden, wie viel sie jeden Monat für alle ihre Schulden bezahlt. Ihr Studentendarlehen hat eine Mindestzahlung von 300 $/Monat, das Minimum ihrer Kreditkarte beträgt 200 $/Monat, und das Minimum ihrer Hypothek beträgt 500 $/Monat. Wenn Jessica 50 % mehr bezahlen möchte als das Minimum, wie viel bezahlt sie dann in einem Jahr?	18000
Billy schält und schneidet Kartoffeln als Vorbereitung für die Zubereitung des Kartoffelsalats für seine große Grillparty anlässlich eines Familientreffens. Es ist ein großes Ereignis, also muss er 60 Kartoffeln schaffen. Die Kartoffeln haben ungefähr die gleiche Größe, also braucht es ungefähr gleich viel Zeit, um jede Einzelne zu schälen und zu schneiden. Billy braucht ungefähr eineinhalb Minuten, um eine Kartoffel zu schälen, aber nur ungefähr 5 Sekunden, um sie klein zu schneiden. Wie lange braucht Billy, um die Kartoffelvorbereitung abzuschließen?	95
Juan und sein Bruder Carlos verkaufen gerade Limonade. Jede Gallone, die sie machen, kostet 3 $ für Zitronen und 2 $ für Zucker. Sie verkaufen jedes Glas für 0,50 $ und holen 20 Gläser pro Gallone heraus. Wenn Sie 25 $ Profit machten, wie viel hatten sie dann für Zitronen ausgegeben?	15
In einen Rennen mit 240 Asiaten waren 80 Japaner und der Rest waren Chinesen. Wenn die Anzahl Jungen im chinesischen Team 60 betrug, wie viele Mädchen waren dann im chinesischen Team?	100
Zaid gibt 1/4 seines Lohns für Miete und 1/3 für Autobenzin aus und spendet die Hälfte des verbleibenden Betrags an seine bevorzugte karitative Einrichtung. Er gibt seiner Tochter 200 $, um sie für ihre wöchentlichen Ausgaben zu verwenden, und seiner Frau 700 $, um Lebensmittel und andere Haushaltswaren einzuplanen. Wenn Zaid 6000 $ pro Monat verdient, wie viel Geld wird er dann nach all diesen Ausgabe und Spenden noch haben?	350
Rani hat zehn Krebse mehr als Monic, die 4 Krebse weniger hat als Bo. Berechnen Sie die gesamte Anzahl der Krebse, die die drei zusammen haben, wenn Bo 40 Krebse hat.	122
Lloyd verdient 10 $ pro Stunde für Mathenachhilfe. Er gab in der ersten Woche 5 Stunden und in der zweiten Woche 8 Stunden Nachhilfeunterricht. Wie viel verdiente er in den ersten beiden Wochen?	130
Zwei Kandidaten bewerben sich als Klassensprecher in Sarais Schule. Berechnen Sie die Anzahl Stimmen, die der Verlierer bekam, wenn der Gewinner 3/4 der Stimmen erhielt und die Gesamtzahl der Schüler, die in der Klasse wählten, 80 betrug.	20
Sandra, der Blumenladen um die Ecke, ist sehr unzufrieden mit Freds unvollständiger Lieferung der Bestellung. Sandra hatte vier Mal so viele rote Rosen bestellt wie weiße Nelken. Sie bestellte auch 200 rosa Zimmercalla, die fünf Mal der Anzahl weißer Nelken entsprachen. Sandra drohte damit, den Lieferanten zu wechseln, wenn die fehlenden roten Rosen nicht bis 17 Uhr geliefert würden. Wie viele rote Rosen muss Fred bis 17 Uhr liefern, um Sandras Einkauf zu behalten?	160
Jean ist zwei Jahre älter als Mark. Vor zwei Jahren war Mark 5 Jahre älter als die Hälfte des Alters von Jan. Wenn Jan 30 ist, wie alt ist dann Jean?	23
Zwei Leichtathletikteams treten in einem 4 x 400 Meter Rennen gegeneinander an; ein Rennen, wo jedes Wettkampfteam vier Mitglieder hat, die jeweils 400 Meter oder eine Runde auf einer Standard-Strecke laufen. Eines der beiden Teams ist sehr ausgeglichen und jedes seiner Mitglieder wird seine 400 Meter Runde in genau 55 Sekunden laufen. Das andere Team ist weniger ausgeglichen; sein erster Läufer wir seine 400 Meter Runde in 60 Sekunden laufen, dann wird jeder folgende Läufer 3 Sekunden schneller laufen als der vorherige Läufer. Um wie viele Sekunden wird das schnellere Team ausgehend von diesen Informationen gewinnen?	2
Jerry wirft einen sechsseitigen Würfel. Wie viel wahrscheinlicher ist es (in Prozent ausgedrückt), dass er eine Zahl größer als 3 wirft als zwei gerade Zahlen hintereinander?	25
Jenna und ihre Mutter pflückten einige Äpfel auf ihrer Apfelfarm. Jenna pflückte halb so viele Äpfel wie ihre Mutter. Wenn ihre Mutter 20 Äpfel hatte, wie viele Äpfel pflückten sie dann beide?	30
Russell arbeitet in einer Tierhandlung und verteilt gerade Stroh unter den Nagetieren. Die Ratten werden in 3 Käfigen in gleich großen Gruppen gehalten und jeder Ratte 6 Strohhalme gegeben. Es gibt 10 Käfige von Hamstern, die allein gehalten werden, und jedem Hamster werden 5 Strohhalme gegeben. Es gibt auch einen Hasenstall, in dem 20 Strohhalme unter den Hasen verteilt werden. Überall sonst in dem Laden wird kein Stroh verteilt. Wenn 160 Strohhalme unter den kleinen Nagetieren verteil wurden, wie viele Ratten sind dann in jedem Käfig?	5
Mandy schuldet Benedict 100 $. Sie einigten sich darauf, monatliche Zinsen in Höhe von 2 % zu haben. Wenn Mandy nach 3 Monaten zahlen konnte, wie viel musste sie Benedict dann geben?	106
Ein Händler kauft ein paar Säcke Weizen bei einem Bauern zu einem Satz von 20 $ pro Sack. Wenn es 2 $ kostet, um jeden Sack von dem Bauernhof in das Lagerhaus zu transportieren, und der Händler einen Gesamtgewinn von 400 $ machte, nachdem er alle Säcke zu einem Satz von jeweils 30 $ verkauft hatte, wie viele Säcke verkaufte er dann?	50
Drei Freunde gaben 20,25 $ für 3 Eintritte in den Jahrmarkt aus. Sie gaben auch 4,50 $ weniger für Essen aus als für die Eintrittskarten. Sie fuhren auch mit 2 verschiedenen Bahnen, bei denen jede Fahrt 33 $ kostet. Wenn sie vereinbarten, alle Kosten gleichmäßig aufzuteilen, wie viel bezahlte dann jeder von ihnen?	34
John sammelt 3 Stunden lang Pfirsiche ein. Er kann 2 Pfirsiche pro Minute einsammeln. Wie viele Pfirsiche sammelt er ein?	360
Enten müssen jede Woche 3,5 Pfund Insekten fressen, um zu überleben. Wenn es eine Schar von zehn Enten gibt, wie viel Pfund Insekten brauchen sie dann pro Tag?	5
Tom pflanzt 10 Bäume pro Jahr. Jedes Jahr fällt er auch 2 Bäume pro Jahr. Er beginnt mit 50 Bäumen. Nach 10 Jahren sterben 30 % der Bäume. Wie viele Bäume behält er übrig?	91
Sue lebt in einer lustigen Nachbarschaft. An einem Wochenende beschließen ihre Nachbarn Sue einen Streich zu spielen. Am Freitagmorgen stellen die Nachbarn 18 rosa Plastik-Flamingos draußen in Sues Vorgarten. Am Samstagmorgen nahmen die Nachbarn einen Drittel der Flamingos wieder weg, strichen sie weiß und stellten diese frisch gestrichenen weißen Flamingos zurück in Sues Vorgarten. Am Sonntagmorgen fügten sie der Sammlung dann weitere 18 rosa Plastik-Flamingos hinzu. Wie viele rosa Plastik-Flamingos waren am Sonntagnachmittag mehr als weiße Plastik-Flamingos draußen?	24
Violetta will neue Farbstifte kaufen. Sie braucht sie in 5 verschiedenen Farben und sie legte 20 $ für diesen Kauf bereit. Ein Farbstift kostet 2 $. Wie viel Wechselgeld wird sie bekommen?	10
Ein Stift kostet so viel wie ein Bleistift und Radierer zusammen. Ein Bleistift kostet 1,20 $ und ein Radierer kostet 0,30 $. Wie viel kosten 8 Stifte?	12
200 Pfund Karotten müssen an 40 Restaurants in einer bestimmten Stadt verteilt werden. Jedes Restaurant soll 2 Pfund Karotten erhalten. Wie viel Pfund Karotten werden nicht gebraucht?	120
In der Stadt Soda gibt es genau 23786 Einwohner. Dazu gehören 8417 Männer und 9092 Frauen. Der Rest der Bevölkerung besteht aus Kindern. Wie viele Kinder gibt es in Soda?	6277
Elaine hatte anfänglich 20 Pokemonkarten. Nach einem Monat hatte sie das Dreifache dieser Zahl gesammelt. Im zweiten Monat sammelte sie 20 Karten weniger, als sie im ersten Monat gesammelt hatte. Im dritten Monat sammelte sie das Doppelte der Anzahl Pokemonkarten, die sie im ersten und zweiten Monat zusammen gesammelt hatte. Wie viele Pokemonkarten hat sie jetzt insgesamt?	320
Mark ist Korrektor. Er bearbeitet jede Woche die gleiche Anzahl Sätze für zwei verschiedene Herausgeber, die ihm jeweils eine andere Rate pro Satz bezahlen. Herausgeber B bezahlt Mark das Doppelte dessen, was Herausgeber A bezahlt. Mark bearbeitet jede Woche eine Gesamtzahl von 1000 Sätzen, und Herausgeber A bezahlt ihm 5 Cent pro Satz. Wie viel verdient Mark in einer Woche in Cent?	7500
Baldur holt Wasser von einem Brunnen. Er holt jeden Morgen 5 Eimer Wasser und jeden Nachmittag 6 Eimer Wasser. Wenn jeder Eimer 5 Liter Wasser enthält, wie viel Liter Wasser holt er dann jeden Tag?	55
John gewinnt einen Preis bei der Arbeit. Der Preis besteht in einer 1-maligen monetären Belohnung in Höhe von 5000 $ und einer Lohnerhöhung von 5 %. Wenn er jede Woche des Jahres 2000 pro Woche verdient und er den Preis am ersten Tag des Jahres bekam, wie viel Geld verdiente er dann in jenem Jahr?	114,200
Josie pflanzt Weintrauben auf ihrem 10 Morgen großen Bauernhof an. Auf jedem Morgen werden 5 Tonnen Weintrauben pro Jahr erzeugt und aus jeder Tonne Weintrauben werden 2 Fässer Wein gemacht. Wie viele Fässer Wein erzeugt ihr Bauernhof pro Jahr?	100
Carls Lieblingsessen ist Käse. Er aß diese Woche jeden Tag ein Sandwich zum Mittagessen und verwendete 2 Scheiben Käse auf jedem Sandwich. 3 Tage in der Woche aß er Eier-Käse-Omeletten zum Frühstück und verwendete dafür eine Scheibe mehr pro Omelette, als er pro Sandwich verwendete. Er machte eine große Portion Makkaroni und Käse, um ihm für mehrere Abendessen in der Woche zu reichen, und verwendete dafür 8 Scheiben Käse. Wie viele Scheiben Käse verwendete er?	31
Janet hatte 22 grüne Stifte und 10 gelbe Stifte. Dann kaufte sie 6 Beutel blaue Stifte und 2 Beutel rote Stifte. Es waren 9 Stifte in jedem Beutel der Blauen und 6 Stifte in jedem Beutel der Roten. Wie viele Stifte hat Janet jetzt?	98
Brinley ist in Mr. Berts Mathekurs. Mr. Bert macht jedes Semester sechs Tests. Er erlaubt den Studenten jedes Semester, die niedrigste Punktzahl aus dem Durchschnitt zu streichen. Wenn Brinley in den ersten fünf Tests Punktzahlen von 89, 71, 92, 100 und 86 hat, welche Punktzahl braucht sie dann im sechsten Test, um einen Durchschnitt von 93 zu erreichen?	98
Micheal fährt liebend gerne Fahrrad. Er fuhr mindestens 5 Mal pro Woche und legte jedes Mal 25 Kilometer zurück. Er tat das vier Wochen lang und beschloss dann, das Fahrrad nur 2 Mal pro Woche zu fahren, aber jedes Mal 60 Kilometer weit, und tat das 3 Wochen lang. Wie viele Kilometer legte Micheal insgesamt zurück?	860
In Joes Süßigkeitentüte von Halloween sind 25 Schokoladenriegel und 80 kandierte Äpfel. Jeder Schokoladenriegel wiegt doppelt so viel wie jeder kandierte Apfel. Wenn jeder Schokoladenriegen 40 g wiegt, wie viel wiegt dann Joes Süßigkeitentüte in Gramm?	2600
Rose ging am Montag in den Laden und kaufte 4 Kuchen. Am Dienstag ging sie in einen anderen Laden und kaufte dreimal so viele Kuchen. Am Mittwoch ging sie in einen anderen Laden und kaufte 5-mal so viele Kuchen, wie sie am Dienstag gekauft hatte. Wie viele Kuchen hatte sie nach allen drei Tagen gekauft?	76
Zwanzig Duzend Tassen kosten 1200 $ weniger als die Gesamtkosten für ein halbes Duzend Teller, das jeweils zu 6000 $ verkauft wird. Berechnen Sie die Gesamtkosten für den Kauf jeder Tasse.	145
Sara möchte sich eine neue Jacke und 2 Paar Schuhe kaufen. Die Jacke, die sie möchte, kostet 30 $, und jedes Paar Schuhe kostet 20 $. Sara hütet die Nachbarskinder 4 Mal und verdient jedes Mal, wenn sie sie hütet, 5 $. Ihre Eltern zahlen ihr jedes Mal 4 $, wenn sie den Rasen mäht. Wenn Sara bereits 10 $ gespart hatte, bevor sie zu Hüten anfing, wie oft muss sie dann den Rasen mähen, bevor sie sich die Jacke und die Schuhe leisten kann?	10
Jerry hat eine Hühnerschar. Die roten Hennen legen 3 Eier pro Tag und die weißen Hennen legen 5 Eier pro Tag. Jeden Tag sammelt Jerry 42 Eier ein. Wenn er zwei weiße Hennen mehr hat als rote Hennen, wie viele rote Hennen hat er dann?	4
Gary geht gerne rund um den Rand des örtlichen Parks, der ein Rechteck ist, das 1,5 Meilen auf 6 Meilen misst. Wenn er mit 3 Meilen/Stunde geht, wie viele Stunden verbringt er dann mit Gehen?	5
Während sie in einem Ein-Euro-Shop ist, zählt Sloane 100 Kunden, die den Laden betreten. Am nächsten Tag zählt sie 50 Kunden mehr als am ersten Tag. Wenn die Gesamtzahl der Kunden am Dritten Tag 500 betrug, wie viele Kunden zählte sie dann am dritten Tag?	250
Jerry hat zwei Swimmingpools, beide mit Lecks, aus denen 4 Gallonen/Minute auslaufen. Vor 4 Minuten hatte der große Swimmingpool doppelt so viel Wasser wie der kleine Swimmingpool. Jetzt hat der große Swimmingpool vier Mal so viel Wasser wie der kleine Swimmingpool. Wie viel Wasser hat der kleine Swimmingpool jetzt?	8
Lori will ein Paar Schuhe für 320,00 $ und einen passenden Gürtel, der 32,00 $ kostet, kaufen. Bei ihrem Teilzeitjob bezahlt man ihr 8,00 $ pro Stunde. Wie viele Stunden muss sie arbeiten, bevor sie ihren Einkauf tätigen kann?	44
Janeth lieh sich 2000 $ und versprach, den Betrag mit zusätzlichen 10 % zurückzuzahlen. Wenn sie 12 Monate lang 165 $ pro Monat zahlt, wie hoch wird Janeths Restguthaben bis dahin sein?	220
Es gibt 4 Rosen in der Vase. Es gibt 7 Dahlien mehr als Rosen in der Vase. Wie viele Blumen gibt es insgesamt in der Vase?	15
Adrians Alter ist das Dreifache des Alters von Harriet, und Harriet ist halb so alt wie Zack. Berechnen Sie das Durchschnittsalter der drei in drei Jahren, wenn Harriet jetzt 21 Jahre alt ist.	45
Vier Schüler erzielten eine Summe von 251 Punkten in einem Brettspiel. Naomi erzielte 68 der Punkte. Yuri erzielte 10 Punkte mehr als halb so viele wie Naomi, und Brianna erzielte 17 Punkte mehr als Naomi. Wie viele Punkte erzielte Jojo?	54
Carmen braucht 10 Minuten, um ein Kreuzworträtsel zu beenden, und 5 Minuten, um eine Sudoku-Aufgabe zu beenden. Über das Wochenende löste sie 3 Kreuzworträtsel und 8 Sudoku-Aufgaben. Wie viel Zeit verbrachte sie mit dem Spielen dieser Spiele?	70
Ein Wassertank ist mit 120 Liter Wasser gefüllt. Celine verbrauchte 90 Liter Wasser aus dem Tank, um ihren kleinen Garten zu tränken. Sie konnte dann zwei Mal so viel Regenwasser sammeln, als noch übrig war. Wie viel Liter Wasser sind jetzt in dem Tank?	90
Andy pflanzt 90 Geranien und 40 Petunien weniger als Geranien. Wie viele Blumen pflanzt er insgesamt?	140
Eine Firma gibt ein Jahr lang 15000 $ für Werbung aus und gibt dann ein weiteres Jahr lang einen Drittel dieses Betrags für Werbung aus. Welchen Gesamtbetrag gab die Firma in diesen beiden Jahren für Werbung aus?	20000
Carlos und Benji sind am Strand. Carlos mietet ein Kanu für 30 $ pro Stunde und Benji mietet einen Bananen-Wasserschlitten für 18 $ pro Stunde. Wenn Carlos das Boot 3 Stunden lang benutzt, und Benji den Wasserschlitten 5 Stunden lang benutzt, wie viel zahlen sie dann insgesamt für ihre Leihe?	180
Andrew plant eine Fahrt von New Jersey nach Rochester. Es dauert 6 Tage, um mit dem Bus zu reisen, und halb so viele Tage, um mit dem Auto von New Jersey nach Rochester zu reisen. Wie viele Tage reist er, wenn er plant, mit dem Bus nach Rochester zu fahren und von Rochester mit dem Auto zurückzukommen?	9
James zählt gerade seine Pokemonkarten. Er hat 30 Feuerartige, 20 Pflanzenartige und 40 Wasserartige. Wenn er 8 der Wasserartigen verlegt und 14 Pflanzenartige kauft, wie hoch ist dann die Wahrscheinlichkeit in Prozent (gerundet auf die nächste ganze Zahl), dass eine zufällig gezogene Karte eine Wasserartige sein wird?	33
Chad bestellte Mach-deinen-eigenen-Burrito zum Mittagessen. Der einfache Burrito kostet 6,50 $. Er fügt extra Fleisch für 2,00 $, extra Käse für 1,00 $, Avocado für 1,00 $ und 2 Saucen für jeweils 0,25 $ hinzu. Er beschließt, seine Mahlzeit für 3,00 $ extra aufzuwerten, wofür Chips und ein Getränk hinzukommen. Er hat eine Geschenkkarte für 5,00 $, die er an der Kasse verwendet. Wie viel schuldet er noch?	9
Kalinda arbeitet gerade an einem 360-teiligen Puzzle mit ihrer Mutter. Kalinda kann normalerweise 4 Teile pro Minute hinzufügen. Ihre Mutter kann üblicherweise halb so viele Teile pro Minuten platzieren wie Kalinda. Wie viele Stunden brauchen sie, um das Puzzle zu vervollständigen?	1
Eine Wassermelonenfarm erzeugt 120 Baby-Wassermelonen. Ashlyn ging nach zwei Monaten zu der Farm und fand heraus, dass 30 % der Wassermelonen reif für die Ernte waren, also nahm sie sie nach Hause. Als sie zwei Wochen später zurückkam, waren 3/4 der verbleibenden Wassermelonen reif, also erntete sie sie. Wie viele Melonen waren nach den zwei Wochen nicht reif, um geerntet zu werden?	21
Mark kauft eine Flotte von 12 Autos für seine Firma. Jedes Auto ist für 20.000 $ zu haben. Er zahlt 10 % Steuer auf die Autos und weitere 1000 $ für jedes davon für die Registrierung. Wie viel bezahlt er für alles?	276,000
Kylie und Robert gehen gerne zum Strand, um Muscheln zu sammeln. Am Montag sammelt Kylie 5 Muscheln mehr als Robert, der 20 Muscheln sammelt. Am Dienstag sammelt Kylie 2-mal mehr Muscheln, als sie am Montag sammelte. Wie viele Muscheln sammelt Kylie am Dienstag?	50
Dax ging zu seiner Farm, um ein paar Äpfel zu pflücken, und fand halb sie viele Käfer wie Ameisen in dem Garten. Berechnen Sie die Gesamtzahl der Insekten in dem Garten, wenn es dort 50 Ameisen gab.	75
Es gibt 36 sich sonnende Pinguine im Schnee. Ein Drittel davon springt hinein und schwimmt im Ozean. Ein weiteres Drittel geht in die Höhle, um zu Abend zu fressen. Wie viele sich sonnende Pinguine sind noch übrig?	12
Steve beschließt, damit anzufangen, mehr Tomaten zu essen und seine eigenen Cherry-Tomaten anzupflanzen. Er isst doppelt so viele wie seine Freundin. Er isst 6 pro Tag. Wenn ein Stock 3 Tomaten pro Woche erzeugen kann, wie viele Stöcke braucht er dann?	21
John bestellt ein paar Pizzas, um sie mit seinen Freunden zu teilen. Es sind 20 Freunde insgesamt, und John will sicherstellen, dass jeder 4 Stück haben kann. Pizzas werden nur in 8 Portionen geschnitten verkauft. Wie viele Pizzas muss John bestellen?	10
Ram verbraucht einen Haufen Stifte. Er entdeckt, dass er Geld sparen kann, indem er die Tinte von fünf leeren Stiften mischt, um einen Stift voll zu machen. Wenn er 25 Stifte kauft und sie dann verwendet, um neue Stifte zu machen, wenn die Tinte ausgeht, wie viele Stifte kann er dann insgesamt haben?	31
Johnny nahm seine 20 $ Taschengeld und fügte 10 $ extra hinzu. Er investierte dann diese Geldsumme, die sich in einem Jahr verdreifachte. Wie viel Geld hatte er nach einem Jahr?	90
Mary ist zwei Jahre jünger als Joan, die fünf Jahre älter ist als Jessa. Wenn Jessa 20 Jahre alt ist, was ergibt dann die Summe des Alters der drei Mädchen?	68
Die Anzahl Schüler in einer Aula betrug 1000. Die Aula hatte 3 Eingänge, A, B und C, die auch als Ausgänge dienten. Berechnen Sie die Anzahl Schüler, die durch Ausgang C hinausgingen, wenn 30 % der Schüler nach einem Treffen durch Ausgang A aus dem Gebäude gingen, 3/5 der verbleibenden durch Ausgang B hinausgingen und der Rest durch Ausgang C hinausging.	280
James hat 6 Bonbons mehr als Robert. John hat doppelt so viele Bonbons wie Robert. Wenn John 54 Bonbons hat, wie viele Bonbons hat John dann mehr als James?	21
Dolly hat zwei Bücher. Pandora hat eines. Wenn Dolly und Pandora beide die Bücher voneinander und ihre eigenen lesen, wie viele Bücher werden sie dann insgesamt lesen?	6
Mike war von 5 Personen Brieffreund. Er hörte mit 2 von ihnen auf, Brieffreunde zu sein. Sie senden ihm jeweils 2 Briefe pro Woche, die 5 Seiten lang sind. Er antwortet auf die gleiche Weise. Er kann alle 6 Minuten eine Seite schreiben. Wie viele Stunden verbringt er pro Woche mit Schreiben?	3
Jason hat einen Telefontarif mit 1000 Minuten pro Monat. Jeden Tag führt er ein 15-minütiges Telefonat mit seinem Chef und hat diesen Monat 300 Anrufminuten extra mit anderen Personen. Wie viele Minuten hat Jason übrig, wenn dieser Monat 30 Tage hat?	250
Griffin hatte 24 Pommes frites, aber Kyle nahm 5 davon. Billy nahm doppelt so viele wie Kyle. Ginger gab Griffin eine Handvoll ihrer Pommes frites, und dann nahm Colby von Griffin 3 Pommes frites weniger als die Anzahl, die Kyle genommen hatte. Wenn Griffin am Ende 27 Pommes frites hatte, wie viele Pommes frites gab Ginger dann Griffin?	20
Es gibt 4 Schnecken in einem Aquarium und 32 Schnecken in einem anderen Aquarium. Der Unterschied zwischen der Anzahl Schnecken in den zwei Aquarien entspricht dem Doppelten der Anzahl Fische in beiden Aquarien. Wenn beide Aquarien die gleiche Anzahl Fische darin haben, wie viele Fische sind dann in jedem Aquarium?	7
Jeans Maskenbildner berechnet ihr 250 $ pro Stunde. Sie benötigt sehr teures Make-up für einen Film, in dem sie mitspielt, und es dauert jeden Tag 6 Stunden, es zu tun, und pro Woche muss sie es 4 Mal machen lassen. Es dauert 5 Wochen, um den Film zu beenden. Nachdem der Film fertig ist, gibt der Maskenbildner Jean 10 % Rabatt wegen der Menge der getanen Arbeit. Wie viel bezahlte Jean?	27000
Isabelle kaufte Partyzubehör für die Geburtstagsparty ihrer kleinen Schwester. Sie gab 12 $ für Kuchenzutaten, 43 $ für Geburtstagsgeschenke, 15 $ für Dekorationen, 4 $ für Einladungen und 22 $ für Tüten mit Leckereien für die Partygäste aus. Sie teilt die Kosten zu gleichen Teilen mit ihren beiden Eltern durch drei. Wie viel Dollar zahlte jede Person?	32
Ein Koch kaufte 4 Säcke Zwiebeln. Jeder Sack wiegt 50 Pfund. Ein Pfund Zwiebeln kostet 1,50 $. Wie viel gab der Koch aus?	300
Am Montag aß Sue 4 Mal so viele Kekse wie ihre Schwester. Am Dienstag aß sie doppelt so viele Kekse wie ihre Schwester. Ihre Schwester aß am Montag 5 Kekse und am nächsten Tag 13. Wenn 1 Keks 200 Kalorien hat, wie viele Kalorien konsumiert Sue dann mehr als ihre Schwester?	5,600
